Chromosome,cM,Position_bp,L,L0,LOD,X^2
chr01,0.0,330668,118.2311598004078,117.39347213949736,8.73127508860424,6.701501287283463
chr01,6.813443519055584,507204,118.04828089791889,117.56605755586234,5.026246476002417,3.85778673645234
chr01,13.849826493811467,616767,119.80737329931766,119.32035174010973,5.076258617566143,3.896172473663455
chr01,22.279394692914096,767672,119.14767596909627,119.11545834266101,0.3358064971404373,0.25774101148203954
chr01,30.01904516113331,881257,118.3390445884613,117.39347213949736,9.855765523794837,7.564579591711549
chr01,33.41017497807136,1001444,114.691718464119,113.05528441530204,17.056662657595318,13.091472390535728
chr01,39.32337100275807,1203334,113.66234326352374,113.05528441530204,6.327415391357447,4.856470785773581
chr01,44.65820645837664,1648833,120.37451052924189,119.11545834266101,13.123186009447124,10.072417492646991
chr01,53.94406374813128,2036829,117.62494357115092,117.39347213949736,2.412642371649283,1.85177145322848
chr01,57.07008159719798,2097688,117.80299769567708,117.39347213949736,4.268512541933059,3.276204449437728
chr01,60.34994572148864,2124190,117.7206626113123,117.39347213949736,3.4103283945732423,2.6175237745195545
chr01,63.86015865515107,2154055,117.76464811506776,117.73457427481628,0.31346166890053506,0.24059072201180243
chr01,67.3703715888135,2335415,117.73457465257758,117.73457427481628,3.937431512136163e-06,3.0220903681765776e-06
chr01,71.59999276388767,2531976,117.83968520238618,117.7345742748163,1.0955782999519716,0.8408874205590564
chr01,74.63122385470942,2720987,115.5795197783464,115.57505625107935,0.04652364628569816,0.035708218136392134
chr01,79.05601602393915,2950455,116.11749593745898,115.57505625107935,5.653885501440168,4.3395174910371
chr01,82.83139364934641,3198233,115.29493126082284,115.24280380738124,0.5433279692485271,0.4170196275327953
chr01,90.73160610650882,3435191,115.28659429904731,115.24280380738124,0.4564312533697374,0.3503239333285819
chr01,102.72913958803836,3610153,117.40712906239833,117.39347213949736,0.14234703013600108,0.10925538320771011
chr01,107.90617353508038,3973888,119.26934217324218,119.11545834266101,1.6039415634128376,1.2310706446493214
chr01,124.49883807332631,4401863,118.86259675494344,117.39347213949736,15.312785129195234,11.752996923568617
chr01,127.64890016426055,4632430,119.00158582179533,117.39347213949736,16.76147756388304,12.86490945838375
chr01,133.0595793962722,4795494,119.28680137440156,119.11545834266101,1.7859199967398514,1.3707442539243857
chr01,138.26486991371868,5007948,119.20083380309696,119.11545834266101,0.8898741925746847,0.6830036834875273
chr01,150.60787381029496,5408064,117.39363184244586,117.39347213949736,0.0016645946225920087,0.001277623587952803
chr01,153.88773793458563,5840005,115.27402509747733,115.22992226377208,0.45968681554771407,0.35282266964202336
chr01,159.77306255218423,6074641,117.08738629838072,116.9479932696773,1.4529029563602844,1.11514422962739
chr01,165.6622143350034,6226027,119.16139984616134,119.11545834266101,0.47885139505277735,0.3675320280026426
chr01,174.45711869504913,6329343,113.15875032569367,113.15051795204562,0.08580658675959583,0.06585898918444855
chr01,180.91770526904943,6424775,113.21850768827159,113.15051795204562,0.708661614455893,0.5439178898077444
chr01,184.367348843397,6512377,120.01275515807535,119.11545834266101,9.352585333531362,7.178374523314687
chr01,188.154647551295,6674047,117.70805038829847,116.96024136297203,7.794463997201399,5.982472202611575
chr01,192.23854910200836,6867277,115.53134839539467,115.24280380738124,3.007519736574788,2.3083567041074957
chr01,196.74047445314477,6973492,117.57297584285952,117.39347213949736,1.8709792284332045,1.436029626897266
chr01,199.91029028108449,7101156,117.57423325419623,117.39347213949736,1.884085311753576,1.4460889175909415
chr01,207.66035936646304,7361641,115.14341442081763,114.76710132506368,3.9223368228929685,3.0105047660316586
chr01,211.29832708058444,7544100,113.4340170069882,113.04346624619374,4.07073696758756,3.124406086355634
chr01,214.42434492965114,7644378,109.40198158179035,108.74180929129683,6.881020388802392,5.281378323948161
chr01,223.54042276934888,7762656,110.8882127911835,110.886671995167,0.016059820984899338,0.012326368131994059
chr01,228.28095049499348,7899854,113.9987039779197,113.41541835280013,6.079625480710055,4.666285000956577
chr01,235.70195075090714,8141644,113.56771812298064,113.41541835280013,1.587430794828645,1.2183981614440427
chr01,239.0925972682623,8415251,116.97817660215637,116.96024136297203,0.18694020982496676,0.14348191347471584
chr01,252.29696221899198,8702551,117.74736696490028,117.7345742748163,0.13333907309214338,0.10234152067187097
chr01,255.94458506394025,8968190,118.03459130325335,118.00264182592933,0.33301156083635297,0.2555958185921554
chr01,263.2301756230099,9113675,115.82481953481077,115.8002007962601,0.25660277529541214,0.1969499084053723
chr01,266.86814333713136,9264698,112.6429749420435,112.63638494953624,0.06868793716046799,0.05271994005806846
chr01,271.61033686877636,9428307,114.80536627141908,114.80469725444104,0.006973209164665468,0.005352135824296056
chr01,275.3349124030198,9546613,115.24301431892653,115.24280380738124,0.002194176059919371,0.0016840923623249182
chr01,278.56017265389795,9647290,117.77628803375728,117.39347213949736,3.99011593108661,3.062527154079362
chr01,282.7292531008505,9730453,119.3703108919007,119.32035174010973,0.5207276146412674,0.3996732143277768
chr01,287.4201908617332,9915345,119.4314995604297,119.32035174010973,1.1585012409729,0.8891825625597676
chr01,293.91636553047675,10103462,117.059150618973,116.96024136297203,1.030937858169155,0.7912740480078355
chr01,297.4265784641392,10275446,115.46312814543582,115.24280380738124,2.296455461906192,1.7625947044366512
chr01,300.94546306153626,10440457,115.52662092227894,115.24280380738124,2.958244964874547,2.270536919181609
chr01,305.4940519718226,10562543,115.79901485035047,115.24280380738124,5.797425281644623,4.449688343753905
chr01,309.31270091105137,10855827,117.98078911070893,117.39347213949736,6.1216444734075175,4.698535769692512
chr01,322.2882606853056,11237445,117.53237056742978,117.39347213949736,1.4477476991060518,1.1111874234593415
chr01,327.20859851996784,11538521,116.96032109998444,116.93418633593143,0.27240441153759626,0.2090781124240948
chr01,333.3777948678152,11721663,115.3179804424521,115.25505324602454,0.6558944200830656,0.5034175714204139
chr01,336.8274384421628,11868199,114.32714235217072,114.3140232235458,0.13674156406038213,0.10495302899937542
chr01,342.0033754589641,12082470,112.33769648332753,112.15806182261457,1.8723442057488697,1.4370772857037082
chr01,346.2922364162441,12290492,115.5464041971525,115.24280380738124,3.164447375552051,2.4288031181700944
chr01,350.7542264739668,12501022,115.55023015837588,115.29382690255527,2.672508459478103,2.0512260465649206
chr01,354.8815183685495,12638901,113.361388391143,113.15051795204562,2.1979168343161577,1.6869635127790161
chr01,358.84380429251235,12891533,115.32605614447903,115.24280380738124,0.8677447345708653,0.6660186967823165
chr01,369.1810225182669,13165503,114.79407992309906,114.78461740615539,0.09862845344525677,0.0757001355493685
chr01,373.94653150848313,13281022,115.227341271703,115.21005479362985,0.18017812892901142,0.13829182458516698
chr01,380.40711808248346,13375708,115.53702660898091,115.22949420377121,3.2054310381361693,2.4602592416775906
chr01,383.4404395180033,13610164,117.03376033362352,116.95491716705871,0.8217876521970129,0.6307453325184724
chr01,391.37718833046335,13893024,119.55874707086674,119.32035174010973,2.484810639822535,1.907162646056122
chr01,396.83715292871295,14052682,117.67565221621624,117.6601900258231,0.16116345518104613,0.12369752314509697
chr01,401.4558189352637,14225157,117.89378000978465,117.42001045068383,4.938132125069304,3.7901564728065296
chr01,412.2669743587455,14428566,118.22444561331322,117.42001045068383,8.384682052293325,6.435481301035111
chr01,422.0084156660629,14775669,116.21238055424271,115.30778102870195,9.428701974591647,7.236796204326083
chr01,449.989205062834,15185365,120.31041566193197,117.00936552224317,34.40706864366727,26.40840111751038
chr02,0.0,397627,109.49618139273095,109.43766603968595,0.6099094784174954,0.4681228243599662
chr02,129.7627353478433,639209,111.7061468762343,111.60709848080988,1.0323881177807084,0.7923871633953468
chr02,141.26593505578248,890524,113.8898952737779,113.84159070464406,0.5034817878129105,0.3864365530706664
chr02,148.71771401380687,1029163,117.9456196212232,117.43922570607894,5.278177992396837,4.051151321154066
chr02,155.28451411686123,1107857,112.21744768779939,112.16815025860417,0.5138304353160162,0.39437943356176675
chr02,158.67564393379928,1188710,112.2775433407012,112.16815025860417,1.140211485915094,0.8751446567762287
chr02,162.2183349459015,1278167,115.45423222596028,115.19883679309203,2.662003852751413,2.0431634629460405
chr02,166.50667603377275,1374406,115.31104677045298,115.19883679309203,1.1695721755763617,0.8976798188875819
chr02,170.28205365918,1480215,111.6876164035378,111.46104581739282,2.361560527784481,1.812564689159899
chr02,174.01823096897684,1627863,112.05597716899199,111.46104581739282,6.201009674658328,4.759450812793375
chr02,177.94705255652727,1916420,113.63978932400671,113.1966133102911,4.61925353444571,3.5454081097249173
chr02,188.90008145320715,2389894,113.47590040753741,113.1966133102911,2.9110282848203894,2.234296777970485
chr02,193.3806893876915,2674129,113.10326065719777,113.08389762404734,0.2018222028033607,0.15490426520341316
chr02,197.68798692335153,2816714,114.80774730213832,114.80469725444104,0.031790853227353935,0.024400381578288943
chr02,209.6855204048811,2963813,117.54072081454181,117.10281265023724,4.564346384108614,3.5032653144365895
chr02,212.91244646175966,3194890,117.10550553779866,117.10281265023724,0.028068148999487605,0.021543100491385303
chr02,220.33344671767333,3589470,117.95528671502574,116.96024136297203,10.371424935369696,7.960362816429665
chr02,233.10078130811556,3916526,117.68252312523296,116.96024136297203,7.528391609502721,5.778254098087473
chr02,237.21268621996416,4097944,119.79626054634836,119.11545834266101,7.09604736789575,5.4464176294987965
chr02,241.00120560118563,4243277,119.14663856944908,119.11545834266101,0.32499361052518194,0.24944181430453227
chr02,245.52040867459908,4520938,113.7241591295677,113.58562922946115,1.443906508677176,1.1082392008523811
chr02,248.82852936929422,4753340,105.66583622496205,105.54241571826667,1.2864202802761855,0.9873640535630557
chr02,254.71768115211339,4857313,109.46905472147198,109.34654201334703,1.2769582344404844,0.9801016649995518
chr02,257.8436990011801,4978677,114.51648664949296,114.51612933108044,0.0037243539562176724,0.0028585473002067374
chr02,261.0706250580586,5070639,112.34996232665843,112.30731023941776,0.4445655871266809,0.34121669792534703
chr02,264.19893564373615,5216270,111.85555259669049,111.83347064179453,0.2301617078627685,0.1766556391676204
chr02,270.61799397614647,5362609,113.8622500440069,113.83417233754665,0.29265583152447894,0.2246216516820141
chr02,275.98027049382637,5443505,113.83422953808227,113.83417233754665,0.000596205047579617,0.0004576042849748774
chr02,279.2071965507049,5746195,113.98170606305732,113.83417233754665,1.537753989213906,1.1802698040853556
chr02,283.37191190096775,6057570,118.38147789516961,117.39347213949736,10.29805074665063,7.9040460453779815
chr02,289.4532863070526,6274186,116.54991709874014,115.37691617261856,12.226267907568086,9.384007408972593
chr02,294.16753952650663,6721105,115.88064364148664,115.37691617261856,5.250385442699962,4.029819750944625
chr02,300.6104638727631,7139803,117.21511592323928,117.1439303111791,0.7419724442073663,0.5694848964814128
chr02,306.86862102046337,7351837,115.54950206141463,115.38565775824863,1.707760242150673,1.310754425328014
chr02,310.122876949572,7561355,117.45020520054159,117.39347213949736,0.5913325284717141,0.45386448835381543
chr02,313.4574456745056,7905741,117.80663659515011,117.39347213949736,4.306441037005178,3.305315645221981
chr02,317.84133675114515,8170986,112.47617922227357,111.3702733644982,11.526931476871802,8.847246862202951
chr02,321.9252383018585,8234803,112.12561398816668,111.3702733644982,7.872966355597892,6.042724989347789
chr02,325.5016106894344,8274366,119.28252072874221,119.11545834266101,1.741302537807724,1.3364990886495889
chr02,329.41549554047816,8454515,115.23907416337191,115.19896695423425,0.4180401507126004,0.32085767310127267
chr02,341.00557624334436,8658299,113.43980207359456,113.10573162957758,3.4820388096851227,2.672563552135898
chr02,346.67201050869454,8925100,115.30485109990838,115.29382690255527,0.11490595386882299,0.08819357882487111
chr02,366.9452659141028,9384294,119.95364248632751,119.11545834266101,8.736449961915877,6.705473149331965
chr02,395.88549434341735,9642670,118.41343116875741,117.39347213949736,10.631101876200894,8.159672234080404
chr02,403.17108490248705,9735616,118.46291161566488,117.39347213949736,11.146839917497363,8.555515809340136
chr02,416.2073980256497,10064214,119.521261559015,119.11545834266101,4.229714342427079,3.246425730831902
chr02,425.91519874769756,10361942,116.44258001000385,115.56988628440656,9.096145666043817,6.981549804778297
chr02,442.38915880420967,10398531,115.23135153119566,113.87907361230525,14.094884116169219,10.818223351123265
chr02,445.7237275291433,10495433,117.9253997630633,115.7319951926646,22.862004036132653,17.547236563189585
chr02,450.90076147618527,10637429,114.24473989839112,111.405055615528,29.598221145476277,22.717474262904943
chr02,456.07779542322726,10704330,116.12095902293451,113.06511744947517,31.85124319017467,24.446732587674774
chr02,462.20791152784386,10795556,119.3337946061057,117.43922570607894,19.747219652811197,15.15655120021404
chr02,466.9125747545428,10887329,118.67030325660856,117.43922570607894,12.831604487759645,9.848620404236954
chr02,470.8361555266176,10999313,120.46642941928654,119.11545834266101,14.081262810944676,10.807768613004214
chr02,484.24935485635154,11260162,120.26482598028977,119.11545834266101,11.979936544808288,9.194941101030054
chr02,488.2861282739734,11452985,119.91787798091002,119.11545834266101,8.363674105496324,6.419357105992049
chr02,495.07620533192653,11678286,119.04616981865284,117.4432472996448,16.70736971816772,12.823380152064374
chr02,499.8592612603822,12043566,115.26180701506915,113.4909030325012,18.45825186263416,14.167231860543666
chr02,503.3119864038658,12310667,113.105885180335,113.00391651354086,1.062826303577388,0.8157493343530859
chr03,0.0,229677,114.17423855899685,114.12183104637988,0.5462470449557643,0.4192601009357304
chr03,3.7053986076860923,343180,116.45426707203185,116.33071493061168,1.2877923179067137,0.9884171313614161
chr03,6.932324664564652,400958,116.64699700238472,115.99436220280091,6.80245661177478,5.221078396670464
chr03,10.381968238912224,496074,115.27616856322427,114.0524240010975,12.755172254178397,9.789956497014145
chr03,18.241247415032845,734009,116.18345025206288,115.39330801431144,8.235705930579297,6.321137902011515
chr03,29.526138970998176,1032158,118.0864648067001,117.7345742748163,3.6677787895473433,2.8151242550704865
chr03,44.9396050314171,1276872,116.73620448668909,115.99436220280091,7.732272248043362,5.934738271105402
chr03,48.42058674530513,1504456,113.89112608195518,112.85564426223011,10.792896970025591,8.28385455780051
chr03,51.8702303196527,1854093,114.86599171542267,114.23140916305219,6.614296819357883,5.076660418963797
chr03,58.71393102571332,2120134,113.65974833416422,113.28984228996262,3.855555691665956,2.959248353612793
chr03,63.25588665682837,2321163,112.7292291069957,111.26087778255027,15.304725064847622,11.746810595563488
chr03,70.71629299818882,2683291,116.66339701596846,115.38565775824863,13.317962614533098,10.221914061758639
chr03,77.30475687974499,2927337,116.00243033853091,115.68395089294013,3.3195327796724055,2.547835564726256
chr03,82.59566474988199,3142790,117.96116116132654,117.42001045068383,5.640450420243663,4.329205685141687
chr03,90.29587970441708,3520517,116.29084639852213,115.75194708286517,5.61698397819018,4.311194525255701
chr03,96.80531826080872,3802985,116.87844026871093,115.75194708286517,11.74151458834627,9.01194548676608
chr03,101.97927063871477,3981069,117.5762107526089,116.94896238482461,6.537852117876924,5.0179869422743195
chr03,107.57760315546196,4183381,117.4733714129659,116.94896238482461,5.465950732368248,4.1952722251303385
chr03,111.42565521226838,4345958,117.87931652858092,116.96024136297203,9.579582549078173,7.352601324871102
chr03,114.44724217151426,4462626,116.272456902534,115.24280380738124,10.732143779986815,8.237224761222137
chr03,122.26398625361924,4666459,118.46707528925378,117.39347213949736,11.190238168635956,8.588825198051381
chr03,133.98402154556143,5035379,117.75111732443582,117.09023745488062,6.888395533170367,5.28703895644162
chr03,137.11003939462813,5338061,115.88516563170523,115.0927725178273,8.259166964527735,6.339144911023482
chr03,146.43933717364874,5657121,117.12074942271249,117.12050546038189,0.002542835855327329,0.0019516986448024909
chr03,156.8576030548084,6020001,115.92215712278811,115.75194708286517,1.7741107464735102,1.3616803193834812
chr03,160.08452911168698,6290545,111.75686752008795,111.62411708583554,1.383666745586023,1.0620034740193205
chr03,163.65747731079423,6580238,111.55338939693824,111.10328309375618,4.691488409804259,3.6008504254565423
chr03,171.33253322371738,6840835,113.11985511629922,113.1150870230141,0.049698158470284234,0.038144746280977415
chr03,176.8174790865386,7066144,114.3654161844851,113.10573162957758,13.129777227242181,10.077476439260181
chr03,182.70663086935778,7234791,113.54175801705955,113.4885639594849,0.5544452561930744,0.4255524605971459
chr03,187.05719971883929,7345941,113.76989574949145,113.57813871030636,1.9986965756205812,1.5340563134807326
chr03,194.53378641738746,7629493,117.00936569429537,117.00936552224317,1.7933116688371047e-06,1.3764175719188643e-06
chr03,201.84591548336218,7978709,111.93197585865833,111.89850650354208,0.34885334975637755,0.26775484093002433
chr03,207.85313107546534,8207111,112.8033447569842,110.73964113681933,21.51012226851284,16.50962896131898
chr03,212.18100051020184,8327959,116.29151860682359,113.63228542449532,27.71736713230054,21.27386545862612
chr03,215.19710404813364,8514357,117.02792581326923,114.78085191774417,23.42140303812909,17.9765911642005
chr03,226.18715053900962,8796274,113.62300584311504,113.10219606069147,5.4284355510669435,4.166478259388555
chr03,230.23267108768303,9016210,114.14742196663445,113.10219606069147,10.894460239040775,8.36180724754388
chr03,237.1883112108189,9182789,115.12078162019287,114.77306878121938,3.6242344140744462,2.7817027117879434
chr03,243.71932033167212,9308348,114.84080489539478,114.73269412998246,1.1268458124697813,0.864886123298561
chr03,248.7563988217487,9438661,114.61268213959838,113.05844259042878,16.199943834243662,12.433916393356753
chr03,253.70079887935913,9523425,116.69579937740295,115.7319951926646,10.04579613761107,7.710433477906804
chr03,258.9688246622504,9635447,118.80259824144622,117.39347213949736,14.687416569173465,11.273008815590856
chr03,263.5174135725368,9771020,112.47184346536034,111.31653506291966,12.041857537834781,9.242467219525452
chr03,268.7854393554281,9878839,112.2758418754104,111.68441937493614,6.164436682305531,4.731380003794129
chr03,272.6334914122345,10075278,115.55800743036029,115.5524420393262,0.05800844677780638,0.04452312827277183
chr03,280.67755269003874,10246097,117.40294186854241,117.39730989236573,0.058702468217899824,0.04505580941349763
chr03,285.5200439895346,10357945,117.40122933824098,117.39730989236573,0.0408526491777981,0.03135556700203779
chr03,289.368096046341,10463511,119.11546164410936,119.11545834266101,3.4411219163778915e-05,2.641158675942279e-05
chr03,295.1763064006128,10540029,119.1186604301836,119.11545834266101,0.03337557459907752,0.025616700180648877
chr03,299.26020795132615,10633987,117.48950087047771,117.39347213949736,1.0009139512545133,0.7682298478428038
chr03,303.75761978447315,10805982,115.65066261762021,115.38983857949759,2.7185865721050644,2.086592304980968
chr03,309.76227405425044,11014631,113.90977468976259,113.35990274203766,5.731352463607866,4.398975581799391
chr03,313.6858548263252,11148447,115.34502647621991,115.34358588082937,0.015015423090487014,0.011524763124384663
chr03,318.69002775417437,11282288,119.30170482627284,119.11545834266101,1.9412596825559998,1.4899718688945995
chr03,323.632319486006,11455295,119.1208627494783,119.11545834266101,0.05633049740903902,0.04323525453833099
chr03,326.73282322521663,11596227,115.61954437254568,115.56988628440656,0.5175896078563504,0.3972647051128888
chr03,331.9098571722586,11711707,116.01782126659263,115.56988628440656,4.668856584356192,3.5834798574885554
chr03,335.13678322913717,11788574,113.0724646259056,113.0533851844761,0.19886630713504433,0.1526355314359762
chr03,338.52791304607524,11842495,110.91447063330367,110.9136278721422,0.008784156527678765,0.006742089291719822
chr03,343.3704043455711,11955853,115.73108727362586,115.56988628440656,1.6802088022868582,1.2896079137543666
chr03,351.9781195226315,12118636,113.98720452626851,113.96395219641906,0.24236060508030782,0.18601863879564462
chr03,356.98229245048066,12283787,115.38486978809668,115.37691617261856,0.0829010715198178,0.06362892382492191
chr03,360.56438643340704,12398365,116.96350971282968,116.96024136297203,0.0340662313945487,0.0261467988611912
chr04,0.0,216329,116.92337691401694,116.92133125741636,0.02132201696408521,0.01636525280468959
chr04,6.676569631226132,513487,121.48120485112405,119.11545834266101,24.65833570097712,18.925972067704265
chr04,21.060673253815175,841541,118.92401451550472,117.7345742748163,12.397615994031826,9.515521925507414
chr04,25.675821941576523,1093654,117.35469357866828,111.81080362124172,57.784339602940975,44.35111965941246
chr04,38.24154335562183,1256176,111.71841543070087,107.26834314007564,46.38340415733842,35.600578325001834
chr04,46.36748983051058,1394502,111.80333866384267,107.60620116138391,43.74704777056884,33.57710001967007
chr04,49.924139173653174,1587983,113.91945924617681,113.56369203566241,3.7081856728444027,2.846137684115206
chr04,58.07234414423523,1812978,115.10954642169068,113.56369203566241,16.112544712272378,12.36683508822614
chr04,61.1502387942069,1918048,114.69346152919262,113.2415812971192,15.133045756173583,11.615041856587368
chr04,68.20416870720217,2120221,109.61773015005852,108.91039648803958,7.372586550701882,5.6586692961515155
chr04,126.70773133971491,2361257,113.49767129007301,113.04150812428779,4.75461949795302,3.6493053262818194
chr04,130.28067953882217,2516242,111.5117200390803,111.23144381880955,2.9213379809348874,2.2422097621659987
chr04,133.59787270459088,2677184,112.12839439762986,111.99459887511823,1.3945597711239501,1.0703641800930654
chr04,136.77155835181196,2785369,114.39226680186935,114.37191875062616,0.21208911293764326,0.16278440994551602
chr04,142.076347079313,3044577,112.29687584646305,112.25351605165768,0.4519420708902946,0.34687835844295023
chr04,145.77302501025247,3279963,113.93184919662828,113.92816308609257,0.038420579168267605,0.029488884285683525
chr04,149.47842361793857,3547123,115.85902372604606,115.7319951926646,1.3240269862039744,1.0162282670517016
chr04,162.76358190458888,3849987,111.38491876413049,111.28188701793208,1.0739068520358312,0.8242539695872892
chr04,166.15471172152695,3981874,105.58150939935892,105.53817144328247,0.45171444434329244,0.34670364861165126
chr04,175.79989502775152,4113834,109.51210891994064,109.47128850692457,0.4254739229254676,0.32656330412862644
chr04,182.5899720857046,4480406,115.42682204729921,115.21005479362985,2.259379731022212,1.734138029354881
chr04,189.261783211098,4841105,115.76430252746285,115.7319951926646,0.33674153346911206,0.2584586783859777
chr04,202.74496155855314,4955552,115.36724304325926,115.28815885864026,0.8242997996604582,0.6326734769520499
chr04,206.69603258909058,5156671,117.93084068510646,116.96024136297203,10.116622313808502,7.764794577075463
chr04,211.8730665361326,5328229,119.65636569703868,119.11545834266101,5.637913901450567,4.3272588350213255
chr04,215.15293066042327,5408992,112.05307073397269,111.67838532980353,3.9053712835285017,2.9974832333532504
chr04,218.62269900863882,5594851,108.46620992725039,108.22987173639319,2.4633689316546734,1.8907055268575732
chr04,221.63213885919407,5868557,115.10904787152636,114.49735704521805,6.375694811916892,4.893526610466438
chr04,229.62660205114506,6029002,116.7083809190945,116.52705912710292,1.8899292890580437,1.4505743359326289
chr04,233.19955025025232,6164403,115.4631606075329,115.37691617261856,0.8989315722758313,0.6899554793146763
chr04,237.79855509624448,6388370,117.11776861220866,117.09023745488062,0.2869591129914929,0.2202492586243352
chr04,241.96946747635243,6602157,117.86988998798185,117.7345742748163,1.4104048210224747,1.0825257053244286
chr04,247.45441333917367,6728120,117.90706022976532,117.7345742748163,1.797832762564184,1.379887639592198
chr04,251.30246539598008,6770612,119.22759215611222,119.11545834266101,1.168778313999085,0.8970705076096692
chr04,254.3336964868018,6836939,115.92540771466274,115.61692997775297,3.2152842943179376,2.467821895278121
chr04,258.18174854360825,7015435,115.75763649558871,115.61692997775297,1.466593542333185,1.125652142685908
chr04,262.8798006478096,7172354,116.12249028720474,116.03967953803458,0.8631420337650405,0.6624859933613152
chr04,266.45274884691685,7219704,111.80993130843041,111.64981016576317,1.6689534887141786,1.2809691413378914
chr04,272.45996443902,7406374,113.34831469752464,113.33405694934264,0.14860947263545193,0.11406198545603274
chr04,277.66525495646647,7681222,115.32209338793912,115.29382690255527,0.2946234870001462,0.22613188307082055
chr04,282.6483796836259,7922546,113.16744709306744,113.15051795204562,0.17645358069931444,0.13543312817455444
chr04,293.40394866447315,8190762,115.24288036249634,115.24280380738124,0.0007979391371909625,0.000612440920804147
chr04,296.405969980738,8388160,115.54108254684513,115.21005479362985,3.4503246378774706,2.648222025722248
chr04,301.6739957636293,8488864,113.08681839873924,113.06511744947517,0.22619046041878133,0.17360759411258186
chr04,304.95385988792,8608672,117.00461406423949,116.96024136297203,0.462499663382413,0.35498161013970275
chr04,311.1657421595731,8867608,115.24956438150502,115.24280380738124,0.070465920875021,0.0540845929903071
chr04,317.1543568755296,9089878,113.84368291131858,113.83417233754665,0.0991293530132299,0.0760845901754692
chr04,320.43422099982024,9354653,114.44877531479113,114.32724987873506,1.2666678309609554,0.9722034884485993
chr04,331.9102968793455,9631032,115.36500693674914,115.28346106473171,0.8499581337397983,0.6523669761394331
chr04,339.86353161082985,9777526,111.70249063358916,111.44801803487847,2.652385089975213,2.035780789685532
chr04,348.5056722528004,9970095,109.40280418446415,109.26835264543028,1.4013974756593364,1.0756123122708914
chr04,351.68134253891674,10086996,116.92322173351515,116.92133125741636,0.019704560109025857,0.015123808790349358
chr05,0.0,541365,118.14819834927025,117.39347213949736,7.866562278050863,6.037809678183066
chr05,3.4496435743475717,769411,115.94263646055543,115.42264525791624,5.419903438666459,4.15992962111352
chr05,12.402055146796844,878219,114.422884549086,113.72442321244515,7.280109703821491,5.587690693126888
chr05,15.512240548261053,926391,116.0208867544952,115.7319951926646,3.0111362681145564,2.3111324946447667
chr05,19.360292605067468,1103181,114.08857121489793,113.2329317981072,8.91838745306706,6.845115334325783
chr05,23.628508919070732,1317398,110.62334366942238,110.54184412180983,0.8494752913378214,0.6519963809004139
chr05,26.89140065596688,1418605,112.66607014005899,112.59242719690779,0.7675853722003378,0.5891435452095948
chr05,30.344125799450435,1557303,112.95809874343263,112.6792146672971,2.906827568552287,2.231072609084208
chr05,35.80409039770003,1682176,115.30985476312271,114.83270536347553,4.973360431445365,3.8171951971775115
chr05,39.167890342408036,1749916,117.28969567387328,116.93418633593143,3.7054978495974096,2.8440747035348295
chr05,42.34356062852433,1829770,117.65970358649498,117.39347213949736,2.7749483601644505,2.129851575980979
chr05,47.52059457556635,1988913,117.44064037295414,117.39347213949736,0.49163768427362187,0.377345867654185
chr05,53.83157642158276,2302717,115.5731802526415,115.51272808989808,0.6300969767661452,0.48361730194744723
chr05,58.48435917004346,2535601,116.09805152733662,115.51272808989808,6.100865736196896,4.682587499508372
chr05,62.596264081892066,2600237,115.20364457224758,115.19883679309203,0.05011180697921491,0.03846223324444509
chr05,67.84233596761399,2683998,111.36622913025376,110.87355984046975,5.135125294953291,3.941354318272033
chr05,73.6459445302517,2762564,113.66465638908981,113.05445023007108,6.360220024445107,4.8816492721498435
chr05,76.9805132551853,2901391,113.07052809792152,113.05528441530204,0.15888593389263783,0.12194946095587511
chr05,81.33674301607957,3077135,115.21226209174247,115.19896695423425,0.13857611654318736,0.10636110006578292
chr05,85.28616358201108,3182046,113.22496648581578,113.15051795204562,0.7759820976521052,0.5955882701613291
chr05,93.11461661658808,3323640,113.269550764418,113.15051795204562,1.2406870458900108,0.9522624989790529
chr05,103.68007129994842,3477662,113.04285295519992,113.04150812428779,0.01401726346155964,0.010758647297052448
chr05,107.60365207202318,3735118,113.25142474029974,113.04150812428779,2.1879750718510724,1.6793329280956186
chr05,123.11139848721515,4018366,117.78865233976465,117.39347213949736,4.11898992800415,3.161441602138325
chr05,129.9668591858355,4146814,117.39359580380048,117.39347213949736,0.001288961386858495,0.0009893144249417674
chr05,133.8149112426419,4244926,119.11876224779832,119.11545834266101,0.034436826476678534,0.026431241098407554
chr05,139.37967380152395,4591286,116.94295005110504,116.93418633593143,0.09134479538094314,0.07010972138891702
chr05,142.8293173758715,4897578,114.83242181580574,114.78461740615539,0.4982685917229893,0.38243527720283055
chr05,146.2507043798146,4993561,113.26354241353287,113.05445023007107,2.1793819556775507,1.6727374676944464
chr05,150.1487814533002,5241697,115.23810763748054,115.19883679309203,0.40932266442268117,0.31416675510809
chr05,156.03793323611936,5468819,117.08223411350059,116.96024136297203,1.271538681282113,0.9759420042285001
chr05,159.3139278406155,5632422,111.7541262186061,111.75406817424509,0.0006050002966332917,0.0004643548880949311
chr05,164.78438304980682,5808582,107.6725825139922,107.48758937369985,1.9281960004541085,1.4799451223387905
chr05,167.8425122258505,5901488,113.14671001722343,112.68074662851991,4.856767883589029,3.7277071096281134
chr05,174.75002914989136,6002435,117.22293937359787,117.13083951957572,0.9599630012619731,0.7367988321772145
chr05,181.54010620784445,6077912,115.73829344177004,115.46571253928171,2.8411291637493514,2.180647219906632
chr05,184.57133729866618,6215307,118.39899858803648,117.42001045068383,10.204059501623906,7.831905098821153
chr05,191.55943441742411,6549491,117.87921731436236,117.39347213949736,5.062954777320013,3.885961398920017
chr05,199.26696840878702,6866597,117.78791984211703,117.39347213949736,4.111355055531323,3.1555816209573777
chr05,205.28688805990535,7053993,115.70740081266369,115.24280380738124,4.842525976870724,3.716776042259653
chr05,213.33490954963466,7383174,117.52248363995643,117.13083951957572,4.0821331284287705,3.1331529630457453
chr05,224.49208711534516,7740153,119.33514712815995,119.32035174010973,0.15421332930783924,0.11836310440173747
chr05,240.2461394473399,7949278,117.9331839686632,117.51618646526454,4.34639315264331,3.3359800271892937
chr05,245.48933284829542,8135103,116.72295613693744,115.82390507798586,9.370869932446762,7.19240847161268
chr05,248.59054295683833,8517865,118.53947430096605,117.43922570607894,11.46796544355063,8.801988759096844
chr05,260.6486457976827,8884333,115.8453980490986,114.3140232235458,15.961623275115286,12.25099860442242
chr05,263.9832145226163,9001295,114.9358409338572,114.3140232235458,6.481248008110836,4.974541682491122
chr05,267.263078646907,9065548,114.72674465728544,113.54560843796587,12.31106261823739,9.449089754556553
chr05,270.34097329687864,9100906,114.78799433125185,112.68328777637241,21.937498627433886,16.837652439035537
chr05,276.21077897769595,9149583,113.22431849673785,113.13371606372962,0.9443552808595883,0.7248194640658312
chr05,281.47880476058725,9252618,117.5834847348954,117.39347213949736,1.980514120163667,1.5201007631843595
chr05,284.5566994105589,9446811,117.41988683209935,117.39347213949736,0.27532212571714765,0.21131754081591225
chr05,290.6356700282729,9671563,117.09401174225816,115.21005479362985,19.636610566381506,15.071655589026477
chr05,295.05030038555685,9884049,118.69461209239617,115.3620950890907,34.735049889223816,26.66013602644375
chr05,302.54282539281246,10091169,118.14235232638725,114.99604113043102,32.79421417810107,25.170489567649838
chr05,308.4086617170604,10292615,117.81576039086546,114.99604113043102,29.390124367751884,22.557754083475515
chr05,313.272460497136,10438885,118.15756911755166,114.99604113043102,32.95281982054048,25.292223896965083
chr05,316.49938655401456,10695095,117.545508145865,114.85263694179224,28.067978505719154,21.54296963258207
chr05,327.0648412373749,10930743,115.79678579811215,114.96649940262974,8.654131198976518,6.6422911638593405
chr05,331.16772217196063,11010156,117.58995029465476,117.12050546038189,4.893055225984587,3.7555586741829075
chr05,338.87525616332357,11218425,120.12183190792753,119.11545834266101,10.489499667085182,8.050988522132116
chr05,344.63177152600514,11451118,111.91342523423425,111.43953397919434,4.939400570065013,3.791130040319331
chr05,349.1803604362915,11571421,105.7443881515838,105.7408638861726,0.036733656500331176,0.028194123289608797
chr05,352.30637828535816,11749852,109.1707083407798,109.0524103787607,1.2330276510070852,0.9463836961527932
chr05,358.25768048015715,11921952,114.77806728871315,114.77806388820566,3.544371923135727e-05,2.7204059847463213e-05
chr06,0.0,190426,119.67546150099939,119.11545834266101,5.8369507563539855,4.480025266707003
chr06,20.747192603135403,448085,116.42064996415998,116.39412684609142,0.2764522516809864,0.21218494454842585
chr06,24.916273050087952,549342,116.4691708114921,116.39412684609142,0.7821883217677049,0.6003517232054492
chr06,28.14319910696651,669771,115.54893194101628,115.37691617261856,1.7929319763713933,1.376126147181708
chr06,36.219738463210554,797504,115.54159172199516,115.37691617261856,1.7164243775674168,1.3174043950127725
chr06,39.554307188144165,900369,117.14508425462346,117.07933597362376,0.6852987751870507,0.5259862479975936
chr06,43.208450025068,1087929,117.14315302054618,117.07933597362376,0.6651693919144663,0.5105363753793881
chr06,47.27159822900629,1516558,119.6804636301234,119.11545834266101,5.889088286185772,4.520042299699071
chr06,55.75873695836102,1988607,117.40049172636452,117.39347213949736,0.07316562819954428,0.05615669493727182
chr06,58.88475480742772,2218315,117.39351685331448,117.39347213949736,0.00046605513694274495,0.0003577105369458877
chr06,70.88228828895727,2375959,117.44355862113275,117.39347213949736,0.5220547822127588,0.40069185308311717
chr06,74.16215241324792,2557463,117.39457207106098,117.39347213949736,0.011464661005186685,0.008799452508924333
chr06,80.73158679885603,2755244,116.00773694018665,115.99436220280091,0.1394057914446827,0.10699789908585444
chr06,85.13881963698537,2934257,115.99683222645854,115.99436220280091,0.025745223472220212,0.019760189260978223
chr06,89.91179187074111,3106320,117.49265490672177,117.39347213949736,1.033788684130898,0.7934621377952453
chr06,93.03780971980781,3201241,117.51454069863274,117.39347213949736,1.261905771947362,0.9685484730830467
chr06,96.29477482835588,3336418,118.36561965334731,117.39347213949736,10.13275922066393,7.777180110799577
chr06,103.38417627453796,3556951,116.07511400919965,115.22949420377121,8.813952366856164,6.764958443427531
chr06,106.71874499947157,3869637,115.5934471917786,115.22949420377121,3.7935065847313716,2.91162390405907
chr06,110.68315876687413,4256452,117.12060869496088,116.95491716705871,1.727013990384735,1.3255322232173512
chr06,114.73943600749256,4485382,112.96841597673297,112.75190530352555,2.2567053755314146,1.7320853856593885
chr06,120.19940060574216,4551876,113.42617738871293,113.19282133542265,2.4322859103045484,1.8668484263222354
chr06,123.53396933067576,4702857,116.00810920712078,115.7319951926646,2.877955028507405,2.2089121156494684
chr06,130.2105389619019,4857756,117.44947411677666,117.43922570607894,0.10681987714308008,0.08198728558170387
chr06,136.34065506651854,4996147,117.08027568474625,116.95491716705871,1.3066202997905243,1.0028681415003575
chr06,139.55761202756108,5223134,117.13421338252313,116.95491716705871,1.8688165680560038,1.4343697237153492
chr06,148.19975266953162,5363848,119.11568274015669,119.11545834266101,0.0023389102589505837,0.0017951799653701528
chr06,152.7644011610017,5445147,117.01057817939957,116.95491716705871,0.5801584924028563,0.44528809872690545
chr06,159.91944334303537,5530507,117.21164274185715,116.95491716705871,2.675868011961647,2.053804598387501
chr06,163.8589175937764,5662599,119.19563859102693,119.11545834266101,0.8357241461508327,0.6414419869273615
chr06,166.9849354428431,5892599,115.13404549904887,115.00008302465086,1.3962999219158096,1.0716997951840312
chr06,170.43457901719066,6088309,115.12653503886062,115.00008302465086,1.3180178879244182,1.0116161136780875
chr06,174.76253877743318,6258019,115.8092570052284,115.7319951926646,0.8053050925992892,0.6180945005104377
chr06,179.24970365901234,6406813,115.84877969451088,115.7319951926646,1.2172527533678572,0.934276014770262
chr06,183.3336052097257,6479706,117.69513236503938,117.43922570607894,2.667332396851608,2.0472532716835303
chr06,186.72425172708085,6560191,117.54033730278509,117.43922570607894,1.0538930041417607,0.8088927736491769
chr06,192.70150925957,6622565,119.77637808157672,119.32035174010973,4.753193368839453,3.648210731735958
chr06,196.62509003164476,6771571,118.75234930799557,117.34865144066882,14.630837712944945,11.229582938614044
chr06,203.6131871504027,7051710,116.0256470262438,115.6049000285702,4.385474384808152,3.3659759813888286
chr06,207.1047418755697,7234279,118.61427080772037,117.39347213949736,12.72446700297822,9.766389345784091
chr06,211.54268769142485,7418167,117.47326260389326,117.09023745488062,3.992297007512633,3.064201192101109
chr06,217.0840154458941,7650365,115.68562127900006,115.40917153200046,2.881454391491463,2.211597975996824
chr06,221.45407258872623,7874447,113.51937130259464,113.25461592906366,2.7595631466896724,2.118042988247794
chr06,230.73992987848086,8107262,113.23396635837977,113.21507820817962,0.19687246572689077,0.15110520160123997
chr06,241.49549885932814,8244853,117.49525556815053,117.39347213949736,1.060895553918297,0.8142674292253105
chr06,245.5794004100415,8408531,117.62664716073978,117.39347213949736,2.430399001038124,1.8654001699393348
chr06,249.99403076732543,8621698,116.02326046755763,115.20103844290821,8.570075716909503,6.577776197195362
chr06,257.1490729493591,8843795,117.81979739294925,116.92133125741636,9.364773236133058,7.1877290842631965
chr06,261.81367373176346,9144373,119.26145081194771,117.39347213949736,19.47006791419556,14.94382937960279
chr06,269.0048855509653,9342380,114.8406353896475,113.83417233754665,10.490432394405754,8.051704416806842
chr06,273.15594473262996,9431387,113.24034385549368,111.27306859180534,20.505042993710614,15.738202109506688
chr06,279.67086837442497,9538795,112.05032370652722,110.97178542709797,11.24167735866125,8.628306235434025
chr06,285.2321501299362,9660085,116.36707517179981,115.24280380738124,11.718356393491854,8.994170915348604
chr06,289.56954548441325,9829969,117.30914856993833,115.37691617261856,20.139788829855977,15.457859178558124
chr07,0.0,336446,117.40070171818354,117.39347213949736,0.07535438711742631,0.05783662948942947
chr07,20.273255405408214,585223,117.40261033864257,117.39347213949736,0.0952480671191703,0.07310559316169929
chr07,25.36239012090533,804692,113.1724474171528,113.10792476488002,0.6725239641558431,0.5161812181821688
chr07,28.488407969972027,985920,111.04397596435598,110.92590545995643,1.2306568448702428,0.9445640351964357
chr07,31.742663899080636,1067700,113.92407844331896,113.7969985142593,1.324562686830423,1.016639432477291
chr07,38.044310655506905,1206095,116.07176730737997,115.99436220280091,0.8067986349558876,0.6192408366324571
chr07,42.310775195839156,1361500,117.68424922728808,117.39347213949736,3.0307892325937225,2.3262167023257234
chr07,45.51125322247924,1469573,117.56262131711966,117.39347213949736,1.7630533070361276,1.353193420978414
chr07,48.96089679682681,1622724,117.66101238890896,117.39347213949736,2.788590096155417,2.1403219952927657
chr07,52.598864510948225,1859591,117.53928541351942,117.39347213949736,1.5198216071046642,1.1665061921764845
chr07,57.15393262300597,2061155,114.25986999352955,114.00258368288658,2.6817125995556843,2.0582904851437434
chr07,60.545062439944026,2212220,110.58558955063056,110.07811098937468,5.28948333210312,4.059828490047039
chr07,63.81282149215038,2497529,109.53042667073285,109.41788221283562,1.1730584888054278,0.9003556631778338
chr07,73.32355769217398,2790625,112.29088170257997,111.62448758206183,6.945870943531112,5.331152964145076
chr07,77.65647199449701,2974667,114.35714111794111,113.82898940354701,5.504961004058384,4.22521371515279
chr07,80.67257553242884,3206155,116.32303116745403,115.99436220280091,3.425738825320905,2.6293517172249494
chr07,85.57220514563126,3415238,116.44475980775782,116.03967953803458,4.222179020848444,3.240642157785942
chr07,88.68239054709548,3532834,115.7077872099707,115.42264525791624,2.9720538320729615,2.2811356164356766
chr07,93.8594244941375,3634096,117.09395962390536,117.09023745488062,0.038796419235745755,0.02977735219792521
chr07,100.37949947491725,3701075,114.91537309211898,114.3140232235458,6.267910310749871,4.810798948585443
chr07,103.69052984094505,3799483,114.86251357563269,114.3140232235458,5.716951998924161,4.387922816695095
chr07,106.98497785271718,3975488,118.93934377590134,117.39347213949736,16.112724514103892,12.366973091231785
chr07,113.89249477675804,4297699,114.65106599706255,113.53829310013595,11.598507089921243,8.902183175412802
chr07,122.13776161798386,4791556,111.53263178587343,111.4515994991249,0.8446049997814116,0.6482582939883059
chr07,133.95720052119538,5099461,115.75339623565026,115.29382690255527,4.790122209962679,3.6765546647599194
chr07,137.35948439510415,5248346,117.81536582239134,117.39347213949736,4.397426362336704,3.3751494631518426
chr07,141.59295042858434,5461327,117.48112623667356,117.12050546038189,3.7587747168753243,2.8849662103333458
chr07,144.7358371261821,5604725,116.2636051118397,115.01405024248731,13.024194830281859,9.996438954819041
chr07,147.81120198789654,5869861,112.70600862598296,111.47440491866757,12.83708865548784,9.852829658523092
chr07,157.4563852941211,6259368,114.54170589772741,113.56369203566241,10.193904564473197,7.824110896519983
chr07,166.80010580346453,6511994,114.95266859985821,114.9418686111968,0.1125690115265173,0.08639990929134456
chr07,181.72475523126437,6786037,114.94216888927612,114.9418686111968,0.003129818709269663,0.0024022246345793974
chr07,185.7268906149412,7023731,110.89988430964453,110.88416836322862,0.16380837135159876,0.12572757132727475
chr07,191.141759381498,7120467,112.30811106205545,110.88416836322862,14.841850959525893,11.391541590614565
chr07,201.59774687893193,7263260,120.78680651059328,119.11545834266101,17.420574880130214,13.370785343458124
chr07,210.8679080455001,7430056,118.65993261327228,117.4432472996448,12.6815932301074,9.733482509019836
chr07,219.36285988526996,7668501,115.9203784912862,115.91576898881668,0.04804515568397219,0.03687601975616417
chr07,242.87468983600496,8221927,117.57185587120122,117.56605755586234,0.06043623254424297,0.04638652271103183
chr08,0.0,720452,121.60878705045864,119.11545834266101,25.988133584819423,19.946629662381042
chr08,5.838467541276859,910641,121.89691592169665,119.11545834266101,28.991320277355662,22.251660632285052
chr08,9.686519598083276,983354,117.33032358748066,115.21005479362985,22.099704895705706,16.962150350806496
chr08,19.331702904307853,1093931,115.36981643141979,113.54560843796587,19.013843169620227,14.593663947631399
chr08,22.45772075337455,1237874,112.79414841895985,110.06487821830262,28.447367706441934,21.834161605257805
chr08,37.10707698744825,1619436,114.0911877927738,111.74774603217753,24.42585180692636,18.74753408477011
chr08,40.195944972260406,2027071,122.45683190379208,119.11545834266101,34.82736238983934,26.730988489048514
chr08,44.30784988410901,2170127,118.56576157716428,117.39347213949736,12.218852015333013,9.37831550133535
chr08,47.483520170225304,2261501,115.86124112059073,115.19883679309203,6.904285061316537,5.299234619989647
chr08,50.99265215135232,2413022,116.69575631268371,115.19883679309203,15.602493293086454,11.975356156733483
chr08,57.453238725352634,2600179,115.91263994606072,115.19883679309203,7.440018491986718,5.710425223749553
chr08,62.21874771556888,2856477,115.85672245264742,115.19883679309203,6.857186680036493,5.263085276443121
chr08,78.73083205909772,3149789,117.50069258052439,117.39347213949736,1.117565901246475,0.8577635282161964
chr08,83.39616162479841,3309812,119.163356056884,119.11545834266101,0.4992411115876976,0.3831817137838698
chr08,88.54088278293005,3516308,117.28477337383971,116.96024136297203,3.382619076499242,2.59625608694148
chr08,97.11008017069177,4012173,114.92933609965202,114.86138093467673,0.7083012759742258,0.5436413198023047
chr08,116.49835672112995,4581584,112.9423224161766,112.85066866463598,0.9553132449557404,0.7332300123249524
chr08,131.42300614892977,4985952,111.12846825118619,111.05354634013689,0.7809161410165906,0.5993752883944126
chr08,135.92208464063918,5232980,113.16372486755415,113.05742955842571,1.107923188960378,0.8503624730275305
chr08,139.94131112002165,5369730,113.86523130367357,113.83417233754665,0.32372970246099797,0.24847172901536396
chr08,143.3324409369597,5472078,116.11856119882505,115.99436220280091,1.2945345271489281,0.9935919681930727
chr08,149.4940729581571,5597298,119.79612449662426,119.11545834266101,7.0946293124291095,5.445329231705955
chr08,153.0042858918195,5749805,114.01582323402826,113.54758113205376,4.880519065975284,3.7459368157959716
chr08,156.57723409092677,5896804,113.68150545292994,113.54758113205376,1.3959022451799266,1.0713945670094063
chr08,159.69052109983903,6085216,115.76108864883892,115.7319951926646,0.3032430594240595,0.23274764939458237
chr08,173.103720429573,6250504,113.96858409834898,113.96395219641906,0.048278626773214574,0.03705521543940904
chr08,176.33064648645154,6324667,114.03842726551572,113.96395219641906,0.7762586771530698,0.5958005527733121
chr08,180.03604509413765,6506459,113.99805499933952,113.96395219641906,0.35545581901893597,0.2728224233636638
chr08,186.82612215209073,6690442,114.33009341278296,114.05374991361285,2.8803469631859544,2.210747993360883
chr08,190.00179243820702,6777401,117.2558171395109,117.1798795111287,0.79150303140494,0.6075010270575376
chr08,193.09728207378942,7171924,119.47466166356205,119.11545834266101,3.744000483567378,2.873626567208248
chr08,202.55938205571584,7584812,115.2928218940314,114.90041944889133,4.090037198632308,3.139219561120626
chr08,214.39311040571863,7744502,113.22354270030874,113.18629296426019,0.388256515637721,0.2979978883884087
chr09,0.0,722837,115.3924596515592,115.38983857949759,0.027319611192574835,0.02096857649280537
chr09,3.175670286116293,998471,117.41121862593575,117.39347213949736,0.1849728272006615,0.1419718915070689
chr09,6.30168813518299,1031019,115.26115498983569,115.20362333198486,0.59965635694468,0.4602532628066456
chr09,9.636256860116598,1231866,115.29838313219408,115.20362333198486,0.9876878000908296,0.7580784016737425
chr09,25.14400327530857,1578198,117.46294241381312,117.39347213949736,0.7240933629993755,0.5557621945260962
chr09,30.276710978312735,1775488,114.62543047757234,114.07056679194962,5.783381684986756,4.438909484981764
chr09,40.731300871240705,1889492,114.63541922649769,114.07056679194962,5.887495089932292,4.518819476384579
chr09,45.03601736209323,2058477,114.2307253656554,113.67950095706706,5.745449254567183,4.409795268706716
chr09,48.4856609364408,2293135,115.54982745945445,115.39459223955903,1.6180271855428177,1.2418817591633342
chr09,56.97577508088495,2535135,117.6670545193991,117.43922570607894,2.3746751146442615,1.8226305065612678
chr09,68.9733085624145,2718190,114.03673936702205,113.81000732693946,2.363243373084912,1.8138563206607614
chr09,72.9992598918098,2872847,109.82707889236409,109.47214286393411,3.6995222058190538,2.8394882274398014
chr09,77.1072456940781,2978247,113.06062497968887,113.05445023007107,0.06435983246745974,0.049397996942389
chr09,80.88262331948536,3088312,115.37736506120686,115.37691617261856,0.004678796085260087,0.0035911087063595915
chr09,84.3020097068279,3235585,115.92506071743139,115.37691617261856,5.713347626341946,4.385156358502627
chr09,90.75555947833965,3425822,120.29309631410877,119.32035174010973,10.13898241893867,7.781956591992298
chr09,94.07831732267178,3690720,115.05935132638918,114.89611449922957,1.701428478691501,1.3058946172768628
chr09,99.4667380589901,4023202,113.019823381011,113.0189570243853,0.009030093645568772,0.0069308530055423034
chr09,113.11008739232211,4438090,115.62237504440259,115.62220048409596,0.0018194538703164725,0.0013964824530603437
chr09,128.81568811028257,4711949,115.2150610948411,115.18893354000096,0.2723292694247823,0.20902043872115428
chr09,133.43435411683333,4842764,113.2055764921254,113.2054874519074,0.0009280722082818223,0.0007123217440039298
chr09,157.70974490591837,4948071,111.75774655103638,111.55375235245377,2.126245314832848,1.6319535886608492
chr09,161.41514351360445,5041860,112.28715528879631,111.32653558408906,10.012604087085414,7.684957637658044
chr09,308.6370924719264,5197038,114.16841876061898,113.01351875072795,12.03760083469637,9.239200079128182
chr09,328.18040790627697,5445819,115.38394991412608,115.37691617261856,0.07331316297232227,0.05626993206010411
chr09,343.8240239702939,5811990,108.89982067107165,108.89966174136181,0.0016565351038616547,0.0012714376787243964
chr09,355.19351608007696,6087464,111.12585740156827,110.90277130891657,2.3252414166717625,1.7846887412135857
chr09,361.46739897094824,6251639,115.36272527668076,115.19883679309203,1.7082207376819054,1.3111078687098825
chr09,365.4578759059688,6405080,109.22868996520978,108.92208713123627,3.1957420543343047,2.4528226717881125
chr09,373.8105801391271,6492797,113.02364267995826,112.86314351345196,1.6728936567301569,1.283993332050386
chr09,377.14514886406073,6665693,115.82661316242677,115.7319951926646,0.9862094917583668,0.7569437580973499
chr09,385.49785309721904,6881002,111.44529913733354,111.42247016561632,0.23794791466351034,0.18263177373773942
chr09,390.21210631667304,7143911,111.66301987983269,111.42247016561632,2.5072659241817794,1.9243977137309685
chr09,396.75431971091473,7398272,117.5903934794254,117.43922570607894,1.5756319153432365,1.2093421867716643
chr09,400.18604962889344,7550022,115.40231130658715,115.38086725573343,0.22351279093012394,0.17155240682973272
chr09,405.8524838942436,7671019,111.21566157894227,111.21458245364477,0.011247795887760377,0.00863300238006559
chr09,410.3144739519663,7848286,109.69656916803686,109.68994158447993,0.0690797512111027,0.05302066845547415
chr09,418.2414151890237,8181858,111.78889739740443,111.67625211420662,1.174109397725681,0.9011622655824567
chr09,426.06986822360074,8445608,113.35355669809367,113.18912378845832,1.713895327150302,1.315463277082813
chr09,431.7363024889509,8627900,115.45829843393446,115.3620950890907,1.0027339633507144,0.7696267587500643
chr09,437.4027367543011,8758788,113.11123371801573,112.80888360000887,3.151415708476194,2.4188009440548512
chr09,440.7373054792347,8815478,111.12645858065953,110.82503229696341,3.141786521035861,2.4114102695689326
chr09,446.0995819969146,9039368,113.99496746125077,113.5855762603146,4.267112148151778,3.2751296074893617
chr09,459.5439260924153,9378957,119.34179302727874,119.32035174010973,0.2234839848577126,0.17153029735209202
chr09,464.1661036628131,9759865,119.39132651134165,119.32035174010973,0.7397748360088141,0.5677981698553367
chr09,467.1663370303008,10132072,119.34420723340777,119.32035174010973,0.24864741845808697,0.19084394638434787
chr09,471.6262367433253,10373089,119.2060529274668,119.11545834266101,0.9442734785152507,0.7247566784462833
chr09,475.83964427139483,10565779,113.7741640052299,113.47176793578399,3.1518946634302845,2.419168555567353
chr09,479.66664812751156,10712543,111.6222726228713,111.26444045458018,3.7297088672713263,2.862657346328888
chr09,484.1516514731895,10891784,115.01489604278964,114.7726574521718,2.5248691970244197,1.9379087249427585
chr09,487.2363299234565,11164310,115.45530409028662,115.24280380738124,2.2149048064484878,1.70000226324305
chr09,490.24727292310916,11418158,115.0394870901278,113.58562922946115,15.153658712620722,11.630862885333272
chr09,494.47455887692047,11579399,115.68461605227785,113.82047336012582,19.430085232365563,14.913141537216234
chr09,498.0475070760277,11801081,117.15685617093308,115.52253999260729,17.034587950370433,13.074529426606318
chr09,501.3273712003184,12023908,121.388977721099,119.32035174010973,21.56142836796816,16.54900784791414
chr09,508.2185605273099,12157575,118.5955860391205,117.10281265023724,15.559277892576453,11.942187111066119
chr09,515.3921177993533,12323540,115.42625529326158,115.19883679309203,2.370398392952368,1.8193480013563885
chr09,522.1095204259072,12545628,117.66766916947627,117.39347213949736,2.8579741697783994,2.193576239831259
chr09,530.8206547430689,12708263,116.24190849235181,116.04304593625326,2.072757858498594,1.5909004487883749
chr09,534.3341145353967,12794729,114.06311446924752,113.82755972769489,2.455202986618924,1.884437932421065
chr09,544.6157463185167,12890075,115.27269345939044,115.19883679309203,0.769813023004077,0.59085333038729
chr09,549.0464362569844,12984489,115.67625270831739,115.19896695423425,4.9747816629441735,3.818286032665128
chr10,0.0,126997,115.49252633205471,115.38565775824863,1.1138983654284451,0.8549485904486573
chr10,4.3505688494814905,328312,112.25706135847666,112.14654425123581,1.1519272759346906,0.8841368579268192
chr10,9.116077839697734,573202,114.52891240570796,114.3140232235458,2.23980446480942,1.719113457297226
chr10,16.023594763738593,699306,119.45912156687875,119.11545834266101,3.582025005860218,2.7493057937418826
chr10,26.417398722909663,880355,119.46662649880965,119.11545834266101,3.6602494184517615,2.8093452491890503
chr10,31.59443266995168,1170890,117.13385744876256,116.92133125741636,2.21517485187766,1.7002095307695981
chr10,36.238257492053066,1381541,114.76793560284233,114.74677943744602,0.22051214135635658,0.1692493231704475
chr10,43.604493229895986,1452561,113.14745481660881,113.1150870230141,0.3373716995896456,0.2589423487577278
chr10,49.24426793716321,1565967,111.49457368707284,111.45714490315999,0.39012274362488675,0.29943027130286737
chr10,56.60411398029705,1875392,117.48651906220668,117.43922570607894,0.4929418463270937,0.3783468490219093
chr10,60.4158156174726,2194102,115.26297632962479,115.22949420377121,0.3489864600144117,0.267857006828649
chr10,63.698328116985685,2369593,113.12034268804142,113.0533851844761,0.6979025836904547,0.5356600285225568
chr10,67.59028659322266,2545661,111.04444669715852,110.93400475335652,1.1511438423330809,0.8835355504160134
chr10,71.58473215359646,2884067,112.09009239083645,111.4515994991249,6.655054550514643,5.107943133692402
chr10,80.8713792391889,3148473,114.22381460632302,113.53829310013595,7.1452369767132335,5.484172049496578
chr10,84.05346772733493,3352626,120.64267455230788,119.11545834266101,15.918277740548008,12.21772967717493
chr10,96.3418703645391,3614268,115.33242337310298,113.04346624619374,23.857954788715283,18.31165701527391
chr10,105.74602772109417,3789258,115.12876263775759,113.04346624619374,21.735185183734565,16.682371132510752
chr10,109.85793263294278,3952894,117.89621053824744,115.20103844290821,28.091960850850867,21.56137676271385
chr10,114.07499005463032,4178413,119.77817787957095,117.39347213949736,24.85594905304724,19.07764592058868
chr10,118.65650619692654,4423629,117.63221636925324,117.39347213949736,2.488447237661306,1.9099538380470449
chr10,121.83859468507258,4589623,119.34085364021082,117.56605755586234,18.49881950246504,14.198368674787844
chr10,126.33982389492014,4800922,120.22795344551986,117.56605755586234,27.745120710700945,21.29516711726012
chr10,133.47695242058498,4978746,117.51511425056815,117.39347213949736,1.2678839425224964,0.9731368885662732
chr10,138.28221540583326,5064213,122.33584911956255,117.39347213949736,51.51472919827129,39.53901584052153
chr10,143.8434971613445,5228590,122.40184662941674,117.39347213949736,52.202625702647964,40.06699591935501
chr10,155.60781627945298,5534112,122.00966523222759,117.39347213949736,48.114892501743455,36.92954474184182
chr10,158.88768040374364,5772007,121.6923449130474,117.39347213949736,44.80744137496588,34.39098218840036
chr10,165.55867434497236,6016156,115.820997423212,115.24280380738124,6.02655112384781,4.625548926646161
chr10,171.46470718403074,6288427,114.4404548278782,113.05445023007107,14.446419569284135,11.088036782457038
chr10,176.1556449449135,6454608,118.66387124358592,116.92168338753778,18.158941735693464,13.937502848385066
chr10,184.10887967639786,6573482,109.69109474931057,108.25633647911356,14.95458239067877,11.478066161576066
chr10,189.37690545928916,6720692,106.61313046957869,106.57578918012435,0.3892107829721928,0.2987303156347707
chr10,200.7463975690722,6978046,116.63825240266382,116.22882917737715,4.267445940120818,3.2753858022933855
chr10,219.32457539069634,7189087,115.81144779542107,115.69558295816796,1.2076670271754897,0.926918698024906
chr11,0.0,226597,115.78704088617775,115.7319951926646,0.5737449826871752,0.44036554810520556
chr11,9.116077839697729,553502,115.94377127391265,115.7319951926646,2.207356403642916,1.6942086499843754
chr11,18.734672472070535,859645,116.71507918233708,116.03967953803458,7.039736126399893,5.403197154420013
chr11,24.374447179337757,1027888,114.37635549245456,114.3140232235458,0.6496934503580343,0.4986581512700923
chr11,29.139956169554,1190387,116.1509660496655,115.99436220280091,1.6322924769146594,1.2528307749166743
chr11,35.159239340155,1409261,115.60773593680855,115.56988628440656,0.3945094843233493,0.3027972192159041
chr11,38.332924987376074,1640647,111.01625036795738,110.99558106987497,0.21543749044810048,0.1653543846592811
chr11,42.10830261278333,1798381,113.1343449126953,113.13371606372962,0.006554535257841323,0.005030791725403105
chr11,49.263344794817,1992760,119.20512666472291,119.11545834266101,0.9346189793521292,0.7173465764951743
chr11,52.77355772847943,2160914,119.24128008303494,119.11545834266101,1.3114485011485937,1.0065739229913788
chr11,55.89957557754613,2260773,117.5179561321869,117.43922570607894,0.8206125507978133,0.6298434088636213
chr11,61.967618427759504,2517682,113.7549668719607,113.56369203566241,1.993670542351094,1.530198690386328
chr11,67.64413232221345,2713622,113.62221130838715,113.56369203566241,0.6099503335042786,0.4681541817978996
chr11,70.6753634130352,2874726,115.49654037636559,115.27445877365031,2.3147715501954096,1.776652821722223
chr11,84.03488984612696,3107941,117.97950897222974,117.39347213949736,6.108301503545512,4.688294661859004
chr11,88.5241550397447,3233138,117.57919193159186,117.56605755586234,0.13690048566180185,0.10507500583617002
chr11,92.03436797340713,3461012,119.51790519878804,119.32035174010973,2.059113047637453,1.5804276694265127
chr11,96.95637161406975,3776928,115.51433383611769,115.22232148191283,3.0436644978899348,2.3360988336388573
chr11,100.66177022175584,4051801,116.0964022244878,115.22232148191283,9.110602637717001,6.9926459405998
chr11,104.23471842086309,4309523,117.76343206961413,117.10281265023724,6.885680843364279,5.284955355015086
chr11,113.43575804820881,4487675,116.10791941130239,116.03967953803458,0.71126880974373,0.5459189861425102
chr11,117.87043120683954,4614791,114.07681030322385,114.04442022604073,0.3376039629372216,0.25912061746498694
chr11,126.34133880474188,4731690,113.37308618465563,113.37074287181797,0.024424508034520176,0.018746502701333156
chr11,129.91428700384913,4831858,115.37765795288591,115.37691617261856,0.007731625845447428,0.005934242138778245
chr11,133.1412130607277,4920504,117.3942924694121,117.39347213949736,0.008550354127389505,0.006562639317849062
chr11,137.98370436022358,5152440,119.18237559027615,119.11545834266101,0.697482993201785,0.5353379809210992
chr11,169.93770232470706,5423670,113.2048749260742,113.15063746232107,0.5653207492898391,0.4338997100250026
chr11,173.31104137054004,5707251,113.22722355991917,113.15063746232107,0.7982620698565639,0.6126887807847652
chr11,194.00983125934368,5971396,107.32414772193022,107.18546610844653,1.44548782745768,1.1094529078694677
chr11,203.29568854909832,6064400,105.81383618969994,105.01776228031389,8.297532144804284,6.36859127508842
chr11,209.97225818032445,6181060,115.4270824753157,115.19883679309203,2.379020167391618,1.8259654577893798
chr12,0.0,40944,111.79546606825751,111.65438220749327,1.470526613172391,1.1286708861139232
chr12,8.979278848753994,187610,115.4364977949405,115.22949420377121,2.157612417095428,1.6560287293542615
chr12,12.27242777265518,343715,103.25716087332412,103.22590183817219,0.3258150354265057,0.2500722812154663
chr12,20.990097129894068,429395,103.37775531499821,103.31982432203759,0.6038186537753728,0.4634479436849688
chr12,28.943331861378436,529380,117.5775595048107,117.56605755586234,0.11988559102563265,0.09201559158680084
chr12,32.64873046906453,670939,119.11547680113608,119.11545834266101,0.00019239393279760886,0.00014766780054742412
chr12,44.74281150314204,819702,119.58710072653865,119.32035174010973,2.7803427086247927,2.1339918914313785
chr12,50.30409325865326,919384,119.4110052540725,119.32035174010973,0.9448877011001704,0.7252281117022221
chr12,53.31337045230561,1101345,119.8151825996679,119.11545834266101,7.2932732081267035,5.597794056055136
chr12,62.10790377548882,1309515,120.53906026261106,119.11545834266101,14.8382989982683,11.388815359600358
chr12,67.19703849098595,1482288,117.23342549919384,115.77178893377628,15.234736677812862,11.69309252334051
chr12,71.74562740127227,1683012,116.86033114875332,115.77178893377628,11.345949054798512,8.708337719816313
chr12,75.13675721821032,1957179,119.76324873268535,119.11545834266101,6.751963003620632,5.182323120194724
chr12,91.64884156173916,2189410,119.1809080673934,119.11545834266101,0.6821869030407183,0.5235977978591109
chr12,97.36935912062637,2504244,117.47782066104682,117.39347213949736,0.8791703391750527,0.6747881723956652
chr12,103.14874137527376,2911191,117.91558069030403,117.39347213949736,5.441972701676102,4.176868406453309
chr12,107.4066317922891,3106766,117.11028914606509,115.99436220280091,11.63138192800302,8.927415546113366
chr12,111.74402714676619,3249774,110.18358247107452,110.06073777077972,1.2804186112580829,0.9827576023583333
chr12,114.77525823758793,3411001,111.50005701382977,111.49992092413886,0.0014184720433674405,0.0010887175272955574
chr12,118.99257490339929,3589279,113.82753896481701,113.63879191927393,1.9673232085176495,1.5099763643446522
chr12,127.3452791365576,3731081,115.33557473998114,115.27445877365031,0.6370158464079599,0.48892773064665107
chr12,130.49534122749182,3864641,115.27495944759434,115.27445877365031,0.005218558347018581,0.004005391552254878
chr12,134.44898415222315,4137398,116.13077047847533,115.7319951926646,4.156461747527796,3.190202286485828
chr12,158.094303597408,4418982,117.5783393380963,117.39347213949736,1.9268833016743412,1.4789375887914957
chr12,168.77300861231095,4612320,119.17200286240235,119.11545834266101,0.5893673497327693,0.4523561579306943
chr12,179.68568691331186,4769363,113.07483978976967,113.06511744947517,0.10133660978610767,0.07777872235601535
chr12,187.70281941707083,4914888,110.92394044861275,110.88416836322862,0.4145471331866952,0.31817668307303393
chr13,0.0,717505,119.32709193385986,119.11545834266101,2.20587122023267,1.6930687295907774
chr13,8.221038587620281,1028708,117.34859433774682,116.96024136297203,4.047829295409697,3.10682379819832
chr13,17.55033636664089,1259711,117.23616345298662,116.96024136297203,2.875954587085161,2.207376720116713
chr13,22.575996187815967,1370683,116.96467362408205,116.95491716705871,0.10169221075593865,0.07805165618674437
chr13,29.252565819042097,1669738,115.22950289723903,115.22949420377121,9.061260246163721e-05,6.954774255518714e-05
chr13,36.91270394609457,1960449,117.8402350543041,117.39347213949736,4.656640046869917,3.574103318453922
chr13,42.98074679630794,2148406,116.20748284163656,115.99436220280091,2.2213708182244214,1.7049651106851798
chr13,46.29793996207667,2440193,116.1813820734936,115.99436220280091,1.9493207483541746,1.49615896554144
chr13,49.91397304105797,2646353,113.6772244126406,112.10774704364681,16.358768659824857,12.5558189519503
chr13,54.662390935568574,2741306,110.13701589151061,110.0726322949373,0.6710745772049413,0.51506877258646
chr13,59.93041671845989,2914604,115.62256193587791,115.37691617261856,2.5603823876747263,1.9651661060747756
chr13,67.88619502686802,3185257,121.07509553363055,119.11545834266101,20.425430845690943,15.677097527756246
chr13,70.96408967683969,3489453,115.19627022345544,113.86420096584276,13.88424787425963,10.656554060901499
chr13,75.73660195861441,3713696,115.07482784765584,113.86420096584276,12.618445785963903,9.685015054504674
chr13,79.53589730751052,3797118,118.83120174770482,117.39347213949736,14.9855528475222,11.501836865659698
chr13,86.78582903950948,3915802,107.06636452936142,105.18997774736529,19.557706208090877,15.011094255969056
chr13,93.67054105328143,4043914,103.53399352855543,103.02757929848254,5.278389736270577,4.051313840583134
chr13,97.67267643695824,4169575,110.25416542866287,109.91395726511537,3.5460126750508527,2.721665308380011
chr13,100.80098702263577,4350336,112.95489454323359,112.10252418166851,8.884313869574239,6.818962892520631
chr13,103.97665730875207,4595272,115.3587806752835,115.24280380738124,1.208834730200993,0.9278149432180953
chr13,109.0424255631467,4803379,115.24891160003251,115.24280380738124,0.06366193548142275,0.04886234121022426
chr13,112.43258073071483,4931886,117.44282211384585,117.39347213949736,0.5143781169987638,0.3947997947879003
chr13,115.60171866052407,5197734,111.68157332024224,111.45838829319919,2.3262726165173313,1.7854802163443537
chr13,134.26625881156156,5512436,111.470785318694,111.45838829319919,0.1292150343457989,0.09917620395845006
chr13,141.03206415244725,5651388,115.23475224926996,115.21005479362985,0.25742324883718715,0.197579645120868
chr13,146.03623708029636,5720157,111.40436388993628,111.33976856399391,0.6732814467242505,0.516762607538908
chr13,152.39399585455868,5807776,111.77930493903956,111.41256545967082,3.8225503724620324,2.933915834949971
chr13,155.56966614067497,6056813,115.32911321642533,115.29382690255527,0.3677916336113563,0.28229051096047897
chr13,175.84292154608318,6589967,117.3936390053207,117.39347213949736,0.0017392537509852979,0.0013349265866509086
chr14,0.0,399838,118.07924884949006,117.39347213949736,7.147896983222251,5.486213679941557
chr14,8.952411572449272,659961,119.9020601100953,119.11545834266101,8.198803369249385,6.292814139474331
chr14,17.15014556864323,887258,115.30700990915697,114.76545999924836,5.644611301164304,4.332399279268884
chr14,22.739389700614275,1035060,115.74935320879213,114.76545999924836,10.255185400486493,7.871145676350125
chr14,26.68881026654579,1125103,120.02832455864564,119.11545834266101,9.514866247632554,7.302929727876972
chr14,29.719345216078683,1246697,118.6494568998125,117.39347213949736,13.091214018226689,10.047878082521152
chr14,35.0415128559116,1352464,119.60845405749384,117.39347213949736,23.086906188032476,17.719855343971858
chr14,38.09536326401573,1687743,118.16935387074574,117.39347213949736,8.087067707777072,6.207053849987005
chr14,42.62246716952799,2079579,115.8416257039931,114.77124354652297,11.156665548407453,8.56305725976108
chr14,54.58395162281969,2273489,110.48939102574228,109.22556556833017,13.172938133830385,10.110603659296885
chr14,58.75303206977224,2467153,109.4777237878653,109.22797311818398,2.6031681046617265,1.9980053574505519
chr14,62.753743459144935,2644247,114.01536398918212,113.9992698119941,0.16775069624476002,0.12875341750418556
chr14,69.01190060684524,2874815,114.3008456516304,114.25059977069927,0.5237162118421741,0.401967047449034
chr14,73.4324484740479,3062347,111.89479459972146,111.89105426818318,0.03898572834154762,0.02992265230625435
chr14,76.87629461085636,3179220,113.83256580852785,113.83131369315787,0.013050883101319024,0.010016922959835028
chr14,81.38285788303084,3308997,113.0458897910235,113.02271448698095,0.24155775989066225,0.18540243234042464
chr14,85.1582355084381,3472696,109.48094166705462,109.47870385369637,0.023324879832408725,0.017902506865993928
chr14,88.62013248316558,3673675,113.42320165646758,113.38612954931507,0.38640507765267923,0.29657685722008864
chr14,91.86718331391212,3860970,114.59390666441554,113.5357542653913,11.029193949813939,8.4652191921939
chr14,99.4287318001083,4148489,114.66735799092724,113.58562922946115,11.274931968498342,8.653830091728764
chr14,108.89083178203472,4381308,114.50622228204612,113.58562922946115,9.59540358758701,7.364744420679813
chr14,114.06786572907674,4600906,118.21248744324214,117.39347213949736,8.536651848256136,6.552122429958217
chr14,118.07000111275357,4985499,116.05916108973145,115.19883679309203,8.967218272267104,6.882594373115353
chr14,127.35585840250822,5478596,111.26737228621465,110.90277130891657,3.8002606208901533,2.9168078183846546
chr14,146.74413495294638,5899397,111.33397708377115,110.99558106987497,3.527124516795933,2.7071681111693806
chr15,0.0,180942,116.16303878281222,114.9418686111968,12.728339207938241,9.769361372923413
chr15,3.226926056878559,544980,115.29122198871099,115.21005479362985,0.84601115844725,0.6493375606490872
chr15,16.512084343528848,799202,107.09346844694603,107.06449221590441,0.3020212139455554,0.23180984833300045
chr15,21.11642325184794,872653,109.2330277274132,109.22791254870506,0.053315853285440584,0.04092142966510437
chr15,24.68937145095519,1114940,111.39324996600487,110.87421160010511,5.409971956952325,4.152306927198083
chr15,33.483904774138395,1427225,109.74479455346685,108.92208713123627,8.575135048694136,6.58165937784463
chr15,38.549673028533014,1658286,116.47456815515619,115.51272808989808,10.025323987561519,7.694720522064927
chr15,45.67675100402119,1840573,113.32055401741853,112.6043297892189,7.4652535227004115,5.729793825597085
chr15,49.73302824463961,2142542,112.62587988127754,110.9776333364323,17.17978510181728,13.185972358761887
chr15,52.80877066759404,2488894,114.3786425926897,113.2054874519074,12.22787529739644,9.385241126258393
chr15,61.81720583923672,2660793,116.0018299947262,113.08389762404734,30.413806251664816,23.34345896543084
chr15,65.94659586934026,2876330,114.29779375639686,113.18263251939095,11.623400919937675,8.921289896047256
chr15,70.49221486486226,3116412,117.4520778060362,113.18263251939095,44.50071669066911,34.155562293162006
chr15,73.67994060613039,3296211,121.44757879073045,119.11545834266101,24.30784900152704,18.656963584555456
chr15,78.29860661268114,3392043,119.47827165827668,119.11545834266101,3.7816277023897786,2.902506524925343
chr15,81.40429788107626,3533575,120.46100091075002,117.1782501353502,34.2163331332743,26.262006203198553
chr15,84.79542769801431,3888614,117.5014062423546,117.1782501353502,3.3682779375684277,2.585248856035264
chr15,95.05167998859088,4213310,119.07366064010183,117.16363011068562,19.908377260613044,15.280244235329747
chr15,101.1461708690427,4345587,117.98492487870084,117.16363011068562,8.560410858360525,6.570358144121769
chr15,106.4365130995261,4482984,118.0564964287579,116.93418633593143,11.697913927172662,8.978480742611737
chr15,111.06018478560203,4642008,115.3118750837653,115.21005479362985,1.061279763638736,0.8145623210835993
chr15,114.76558339328813,4912490,117.44741877840626,117.39347213949736,0.5622894622886713,0.43157311127117737
chr15,118.2050818930346,5268848,119.55781695431884,119.11545834266101,4.61073369756903,3.5388688932625882
chr15,123.06888067311023,5428934,119.6149788485408,119.11545834266101,5.20653598322669,3.9961640470382918
chr15,127.54003949105885,5603848,113.0618059146421,112.39233819519711,6.977907272815428,5.355741755559848
chr15,147.4875608454074,5791059,113.1600585140611,112.39233819519711,8.002000755063296,6.141762550911949
chr15,151.9021912026913,5849235,121.78715835376646,119.11545834266101,27.84730973097481,21.373600088843546
chr15,156.19053229056257,6000435,120.19972418170018,119.11545834266101,11.301376099461779,8.674126712313296
chr15,182.72194484367108,6245267,119.10461158106351,117.39347213949736,17.83532201374054,13.689115532529172
chr15,189.75104237473056,6379766,116.68506939621385,115.99436220280091,7.199287745042857,5.525657547303467
chr15,192.8289370247022,6437030,119.39171582724525,118.00264182592933,14.478412169442572,11.11259201052735
chr16,0.0,169809,111.01061691134642,110.92035536486473,0.940802197561189,0.7220923718534777
chr16,22.091637613951967,360023,114.9610190120327,114.73081237267616,2.3994593560808766,1.8416531148523063
chr16,31.37749490370661,489194,112.55436602119525,112.53816219361424,0.16889358969945445,0.12963062064807218
chr16,38.1675719616597,668132,112.53843672898442,112.53816219361424,0.0028615007125669103,0.0021962829614494694
chr16,45.23995274020994,823345,119.42679756975151,119.11545834266101,3.2451097998102565,2.4907138167239964
chr16,48.47361325733169,983960,119.94673204098113,119.11545834266101,8.664421923161653,6.650189586560941
chr16,51.86474307426975,1225808,118.56280337156608,117.39347213949736,12.18801843850976,9.354649856549713
chr16,57.20951003524604,1412954,118.55535678753212,117.39347213949736,12.110402189990326,9.295077184278057
chr16,60.91490864293213,1544639,119.85932219310739,119.11545834266101,7.753343172867982,5.9509108035709914
chr16,64.91704402660895,1700681,120.47661657484373,119.11545834266101,14.187444221619343,10.889265857461737
chr16,68.66880332375466,1955714,119.57067310741185,119.11545834266101,4.744734249892187,3.641718118006679
chr16,75.12433773416163,2158519,120.0508106224758,119.11545834266101,9.74924001022044,7.4828182385182345
chr16,79.53896809144554,2280926,120.04997813039351,119.11545834266101,9.740562888998927,7.476158301859982
chr16,83.89921860318063,2395633,118.2877360680077,117.39347213949736,9.320973348411965,7.154111428082729
chr16,87.1790827274713,2647373,117.81040703185349,115.24280380738124,26.762301890527077,20.540825795778005
chr16,101.30743131672182,3011191,115.68851663626663,113.06511744947517,27.343866975672217,20.987193494331677
chr16,108.46247349875549,3220683,115.9578298021815,115.21005479362985,7.794109438059239,5.982200068413135
chr16,111.84348288250445,3443465,114.33515745219921,113.56369203566241,8.04103616114701,6.171723332294391
chr16,132.11673828791265,3679461,112.26917140636529,112.14654425123581,1.2781511233014387,0.9810172410358291
chr16,136.53136864519658,3919680,115.650251188877,115.5524420393262,1.019471374309478,0.7824731964063858
chr16,140.27488609019855,4187606,112.60006053110607,112.59830449172688,0.018303317097270178,0.014048315033505787
chr17,0.0,326782,116.16460257572892,115.91576898881668,2.5936092889963063,1.9906686952979271
chr17,24.734812091805352,608459,117.45207898946053,117.39347213949736,0.6108631569776698,0.4688547997053547
chr17,28.632889165290944,709037,115.2307658407677,115.21005479362985,0.21587264367376718,0.1656883771028106
chr17,34.89104631299125,771952,115.21902523225158,115.21005479362985,0.09349948784806623,0.07176350897384509
chr17,42.59858030435416,815081,119.27978088886402,119.11545834266101,1.7127450016382277,1.3145803696240819
chr17,47.21724631090492,983358,117.39352399702305,117.39347213949736,0.0005405144940607541,0.00041486020552383707
chr17,50.771083723426855,1162092,117.41189180523898,117.39347213949736,0.19198942056208979,0.14735732593294415
chr17,55.31967263371319,1288013,117.8707261311827,117.43922570607894,4.497558085475325,3.452003400830108
chr17,63.35462727275264,1676974,114.93430799571742,113.54560843796587,14.474509318871629,11.109596462012405
chr17,77.55983982794748,2025316,112.06989887753596,111.9677005207901,1.0652203774633575,0.8175868539668727
chr17,89.70950730465952,2165774,112.14742470054205,111.9677005207901,1.8732772687405708,1.4377934380155466
chr17,96.44989315386589,2341772,115.46032383769273,115.21005479362985,2.6085711558650058,2.0021523525030034
chr17,102.11632741921605,2806212,117.20263456631568,117.1439303111791,0.6118784176813288,0.4696340410926041
chr17,110.83399677645494,3228655,113.32215102183805,113.12081178448562,2.0985724745464487,1.6107138988194265
chr17,117.9890389584886,3402606,114.1668420658111,113.46063597507573,7.3608337990280575,5.649648725882912
chr17,128.69255171391535,3596791,118.40975596772262,117.39347213949736,10.592795007497772,8.13027062580204
chr17,131.7210416518075,3894845,120.30429383485144,119.11545834266101,12.391312659576869,9.510683937523368
chr17,144.77840911166473,4212048,117.89604914734468,117.13083951957572,7.975831652143298,6.121677022151744
chr17,149.6721561819229,4399851,117.13908336380366,117.13083951957572,0.0859261453888292,0.06595075382358573
chr17,153.1484593143534,4589616,114.89988226613097,114.89262875465455,0.07560384020715433,0.05802809181136581
chr17,157.15059469803023,4765393,114.89308698555033,114.89262875465455,0.004776171587330254,0.003665847166189451
chr18,0.0,524564,111.25846358390257,111.25749600819842,0.010085106939285516,0.007740605633216546
chr18,3.229448188584813,718632,113.82488942291077,113.80125552626382,0.2463377015914745,0.18907117317564825
chr18,12.058379245046854,1096210,109.31050428961905,109.28373606633708,0.27900699988104993,0.21414578625569902
chr18,49.23728095438872,1558547,113.2408273965173,112.716694777573,5.463069700632297,4.1930609515544575
chr18,58.79004279252418,1943961,117.69137570870981,117.39347213949736,3.105069029958024,2.3832285536996096
chr18,72.91839138177471,2307337,116.67290293658372,115.99436220280091,7.072475914282991,5.4283258702624835
chr18,77.25423211983619,2574174,116.24023672954453,116.22882917737715,0.11890168699964025,0.09126041733907186
chr18,81.76922817425667,2800701,117.57672565252783,117.56605755586234,0.11119429234151934,0.08534477332386814
chr18,91.07086840828542,3269227,117.63112735135462,117.56605755586234,0.6782268749008624,0.5205583639382212
chr18,103.06840188981496,3680848,113.25774465483607,113.25358242856487,0.043383165648413304,0.033297810169642617
chr18,106.61109290191717,3782331,113.17014943334719,113.13371606372962,0.37974747316924495,0.29146695694055325
chr18,109.82143796046769,3845520,117.4038463243588,117.39347213949736,0.1081308297495544,0.08299347889146702
chr18,117.83857046422666,3963998,117.39459844073953,117.39347213949736,0.011739513946408592,0.009010409937332042
chr18,121.0646566860488,4080775,117.41235212820239,117.39347213949736,0.19678739791170052,0.15103990964018976
chr18,124.51430026039638,4301870,115.32631835037967,115.19883679309203,1.3287488849869045,1.0198524583011022
chr18,130.3172434029211,4535352,110.68561460000969,110.46332958850513,2.3168916937494783,1.7782800920364252
chr18,133.8599344150233,4643389,112.98159905538404,112.63638494953624,3.5981899498767715,2.761712846782416
chr18,137.37014734868572,4843279,112.79699592782384,112.78853522267889,0.08818650137914817,0.06768564115964182
chr18,140.61736149673328,5032268,115.6505909658573,115.37691617261856,2.852530860950358,2.1893983459099218
chr18,145.0319918540172,5161009,115.954794457745,115.70684529060028,2.584390922002918,1.9835933371576857
chr18,148.0322252215049,5446961,116.0024242809913,115.70684529060028,3.0808397878405187,2.3646319231281723
chr18,154.76070695291247,5684456,115.46959501583203,115.37691617261856,0.9659978447228055,0.741430745707703
chr18,158.14171633666143,5782400,115.40855459128493,115.37691617261856,0.32976937543069207,0.2531073493308895
chr18,163.1761464515156,5841501,117.52566161102942,117.39347213949736,1.3778197932499165,1.0575157722564654
chr18,166.3021643005823,5855241,119.29816746016726,119.11545834266101,1.9043894766330443,1.4616729400499935
chr19,0.0,187914,112.83671535874868,111.45952558120854,14.354542102061977,11.017518220321108
chr19,10.646099862133584,287598,113.49899021418001,113.1150870230141,4.00144890020173,3.0712255293273074
chr19,14.219048061240832,445317,117.22360898424046,115.29382690255527,20.114249024439555,15.438256653481517
chr19,31.901050073419746,615181,119.1622630037416,119.11545834266101,0.487848144831606,0.3744372886446854
chr19,36.44963898370608,721535,115.36713197459295,115.29382690255527,0.764063718755674,0.5864405763014702
chr19,45.42891783246007,872176,115.36182783568952,115.29382690255527,0.7087783205875204,0.5440074650740598
chr19,56.43201207130015,1004560,117.9302868691312,117.73457427481628,2.039925593998467,1.5657007545192982
chr19,59.59512191019847,1098635,118.16672232174714,117.73457427481628,4.504308291536185,3.4571843754469
chr19,63.70702682204708,1429367,119.94491826728199,119.11545834266101,8.64551683734666,6.6356793969678165
chr19,71.66026155353144,1840873,120.64801622233556,119.11545834266101,15.97395432816003,12.260463037396335
chr19,81.9812169721822,2166188,118.80523807780891,117.43922570607894,14.238039246093543,10.928098973839724
chr19,89.6887509635451,2428075,115.49734885806784,115.25505324602454,2.525463535194556,1.938364896346343
chr19,95.39823586572382,2499256,113.85679089806776,113.81000732693946,0.4876283228339917,0.3742685690264125
chr19,100.16374485594007,2542202,114.33245991525543,114.28069356378842,0.5395641789692718,0.41413081173607225
chr19,103.77037443052103,2661806,116.67512743917126,116.33956993472258,3.497538541038974,2.6844600355894954
chr19,107.377004005102,2802344,119.1491110276574,118.00264182592933,11.94972595158061,9.171753613824535
chr19,112.21949530459787,2988889,119.89930056407498,119.32035174010973,6.034422709259629,4.631590591721988
chr19,120.39631094488404,3251745,118.10921504861862,117.7345742748163,3.904906098199554,2.997126190418612
chr19,126.54852649737423,3471985,114.19994100028255,113.90301350561082,3.0948953390709995,2.375419957373879
chr19,131.16101317993517,3735256,114.04887211155453,113.90301350561082,1.5202941047869531,1.166868847549722
chr19,141.7264678632955,3927271,117.97390947333979,117.43922570607894,5.573045032431056,4.2774701380867555
chr19,148.1870544372958,4024344,116.40526165727725,115.7319951926646,7.0175018503628595,5.386131716901218
chr19,154.2550972875092,4275966,117.77414909352197,117.39347213949736,3.967821612495003,3.045415632196864
chr19,163.20750885995847,4477473,117.84563503522656,117.39347213949736,4.712924412878111,3.6173031658336186
chr19,170.23660639101794,4540256,115.40144162873102,115.37691617261856,0.255630486139209,0.19620364889965458
chr21,0.0,658755,116.05114150133805,115.8734505721757,1.8520845604673113,1.4215274332988201
chr21,3.2021183163547633,934990,115.92028445129296,115.7319951926646,1.962551664574812,1.506314069026871
chr21,8.612797548366398,1114207,115.81980382476705,115.19896695423425,6.47102464882747,4.966694964262388
chr21,12.757180538654781,1192676,113.3353528531223,113.10573162957758,2.3933575275203376,1.8369697883578056
chr21,16.86678506633882,1275223,113.9363714468686,113.74387488724523,2.006404647115051,1.5399724769870318
chr21,20.376998000001247,1494352,114.29511412376172,113.74387488724523,5.745603807064198,4.409913892131954
chr21,23.98832320270206,1739271,112.08845159923885,111.63911657855829,4.683449280178864,3.5946801654445153
chr21,32.07039078052286,2065904,113.40531761260273,113.33047467328305,0.7800930133429675,0.5987435145574409
chr21,37.97490118733009,2524336,115.95573425109758,115.7319951926646,2.3320473231281698,1.7899124674638642
chr21,42.37140481266521,2768431,111.70130605598067,111.45714490315999,2.5449081927637964,1.953289222565445
chr21,45.773688686574005,2967512,114.91637879021715,114.83270536347553,0.8721337803797813,0.6693874139330092
chr21,49.16774581828705,3150457,119.87630759769004,119.11545834266101,7.930383192463377,6.086794040232235
chr21,55.235788668500426,3191053,118.17964287868858,117.39347213949736,8.194310732749141,6.289365913529764
chr21,59.52412975637168,3239377,113.6136715037914,113.54560843796587,0.7094259338266579,0.5445045266042143
chr21,62.97377333071925,3412686,111.58697372540456,111.38471872826649,2.108117500666121,1.6180399771045586
chr21,70.16086810591574,3715382,113.80636866018112,113.56369203566241,2.5294348539691764,1.9414129961496656
chr21,79.6807512903854,3955683,114.29101041612819,114.0075182440366,2.954858064051411,2.267937376732675
chr21,85.09143052239703,4124230,116.58502094027645,115.89076061231614,7.2363223065000835,5.554082623682461
chr21,92.56801722094522,4271982,115.84414364860349,115.3620950890907,5.024424705739589,3.8563884761023246
chr21,97.31112979421364,4373323,117.44125429887609,117.1190207979615,3.3586615519577725,2.577868007316738
chr21,103.98769942543977,4433136,117.51790412072387,117.39347213949736,1.2969629476550701,0.9954558498120605
chr21,109.54898118095099,4531820,113.37412207221944,113.2054874519074,1.75769004142479,1.3490769624962695
chr21,122.31631577139322,4742697,113.37803820350805,113.2054874519074,1.7985081424421354,1.3804060128052242
chr22,0.0,425016,117.2127967211438,116.96024136297203,2.6324015622984382,2.020442865374207
chr22,3.5729481991072487,665427,117.22497683289262,116.96024136297203,2.759355690013887,2.1178837593647586
chr22,7.0831611327696775,800046,115.24613265007966,115.21005479362985,0.3760419354011786,0.28862285159846124
chr22,11.986221791580414,934287,115.67070416117862,115.21005479362985,4.801379482047672,3.685194940390147
chr22,23.098130001550278,1073580,114.75185999185464,113.37011883022562,14.401981485937771,11.053929293032184
chr22,32.214207841248005,1279293,113.62461077692564,113.37011883022562,2.652586755375183,2.0359355736001135
chr22,38.0178164038857,1462224,121.77767401073501,119.32035174010973,25.61283605737271,19.658578165002268
chr22,47.15406773588857,1711007,122.56112802946063,119.32035174010973,33.77883022915185,25.926210314807236
chr22,54.81060083031393,2030796,117.44894226346382,117.39347213949736,0.5781688499789299,0.44376099173166494
chr22,59.653092129809814,2249511,117.39602569443268,117.39347213949736,0.02661587562348959,0.02042843948254358
chr22,66.01085090407214,2432638,117.12677261663269,116.92168338753778,2.137658891849063,1.6407138327592747
chr22,69.49679212066717,2653496,112.72804048056832,112.70987839744956,0.18930461948037128,0.1452966649501377
chr22,73.90402495879651,3089344,105.48788093918758,105.46295159670917,0.25984022102030546,0.19943473982721116
chr22,82.32023662481306,3542650,109.72756556972824,109.72582502764895,0.018141787693342844,0.013924336634318024
chr22,93.25469667305453,3924373,115.23252339246135,115.21005479362985,0.23419172372678237,0.17974879065195637
chr22,104.5983283416989,4237556,116.93152509929917,115.21005479362985,17.943001308299692,13.771762445354511
chr22,112.48758353790203,4350233,119.59369820129538,119.11545834266101,4.984726359146327,3.8259188690749397
chr22,118.3767353207212,4460723,118.96719824348145,117.6855593542669,13.358608737083793,10.253111113716386
chr23,0.0,230303,115.4279653744955,115.19883679309203,2.388222685196353,1.833028651227778
chr23,4.654521153300599,425587,115.49239934367279,115.19883679309203,3.0598222994560325,2.3485004046460745
chr23,14.116621135227021,697846,113.50271700472184,113.01351875072794,5.098946454390201,3.9135860319512403
chr23,20.285572193252253,1080723,108.95627228457498,108.79626667752713,1.667749253147073,1.2800448563828013
chr23,46.89641288061766,1433760,113.15441423739595,113.15051795204562,0.04061124546171753,0.031170282802690963
chr23,54.724865915194655,1568960,117.50820263030504,117.39347213949736,1.1958436575317835,0.9178439264613871
chr23,59.39558814716594,1750555,115.64338711843723,115.22949420377121,4.314033814519361,3.311143317328174
chr23,67.96992608458639,1949793,113.54765299271658,113.54668169007326,0.010123953078064718,0.007770421146574336
chr23,78.00346085769395,2089709,115.71301505366431,115.70684529060028,0.06430785728053134,0.049358104512180034
chr23,82.62212686424472,2187024,119.12316428308408,119.11545834266101,0.08031953768669897,0.061647523384522174
chr24,0.0,488629,112.67710834214505,112.11658255950863,5.84239810472395,4.4842062610913445
chr24,4.447374300824809,524038,117.29090467399759,115.99436220280091,13.513949779054103,10.372339769573387
chr24,7.475843647328135,698510,117.23025268625788,115.99436220280091,12.881770012850499,9.88712386765576
chr24,10.866490164683272,930936,118.23533122686848,117.39347213949736,8.774754148449233,6.734872698968957
chr24,16.083260176812324,1247248,117.44230705317771,117.39347213949736,0.5090096048543648,0.3906793094428167
chr24,27.158403269649817,1666060,116.33079412027209,115.24280380738124,11.340196542064549,8.703922503126819
chr24,30.38041556307299,1925921,115.57730535789722,115.24280380738124,3.486532261852134,2.676012404127846
chr24,36.35767309556213,2143231,113.81289935293405,113.58562922946115,2.3688518526180857,1.8181609877832443
chr24,46.22564480348689,2321312,115.31331325324332,115.28815885864026,0.2621859545214598,0.20123515682450943
chr24,49.303539453458555,2435472,113.59019229759768,113.58562922946115,0.04756116749388485,0.036504545092270746
chr24,54.0690484436748,2593754,116.17255791393491,115.99436220280091,1.857345937063676,1.4255656890719592
chr24,58.617637353961136,2730731,115.62943243221959,115.56988628440656,0.6206535219309932,0.47636918250418603
chr24,61.77710652482478,2879194,113.171855257381,113.13155109995164,0.42009295606395436,0.322433259434888
chr24,67.416881232092,3051298,115.36028401018618,115.27523030521012,0.8865205136767389,0.6804296398084944
chr24,70.75423314656155,3312880,117.44820535427047,117.43922570607894,0.09359547981630655,0.07183718553221752
chr24,76.73149067905068,3546235,115.96964440204083,115.37691617261856,6.178046383352969,4.741825835378108
chr24,80.24170361271311,3646664,113.72992108168214,113.5515646654184,1.8590209774891495,1.426851330109912
chr25,0.0,54036,118.48948517119221,117.39347213949736,11.423817882219074,8.768104253558818
chr25,29.68873533733708,205375,114.87630151624242,113.56369203566241,13.681417303434984,10.500875844640063
chr25,33.26168353644432,357435,112.66062908579646,111.55827395853221,11.489921972846858,8.818841018113972
chr25,38.92811780179448,434611,114.36177598967178,113.23323131052783,11.762897441603911,9.028357433151655
chr25,42.26268652672809,548609,115.27934147710663,115.24280380738124,0.38083460024017685,0.29230135780312594
chr25,47.597521982346656,754425,117.53061137544738,117.39347213949736,1.4294115222124832,1.0971138876001305
chr25,51.98141305898617,896816,117.11990385099023,117.00936552224317,1.1521484691276804,0.8843066299764359
chr25,57.952331008841874,1023089,113.66912818384532,113.63879191927393,0.31619693531787196,0.2426901165711115
chr25,66.48360686038004,1264388,115.74732327578377,115.7319951926646,0.1597656460034611,0.12262466495337776
chr25,70.05655505948728,1437985,117.57071113957215,117.56605755586234,0.04850461742989357,0.03722866967848404
chr25,73.23222534560357,1700849,114.1747153671009,114.16017482636421,0.15155703854000785,0.11632432589351538
chr25,81.42406245159614,2000268,111.80343440048401,111.80304555221925,0.004052991736416066,0.0031107861180998952
chr25,96.53810604524283,2143768,115.42189476662196,115.22949420377121,2.0054040662678534,1.539204502806001
chr25,100.07111770893385,2267064,115.83256235181851,115.68395089294013,1.5489872769233157,1.1888916710270223
chr25,105.43339422661373,2368630,115.84164552425857,115.68395089294013,1.6436617969767378,1.2615570505474807
chr25,108.55941207568043,2491767,117.62830834949291,117.39347213949736,2.447713683651369,1.8786896799643955
chr26,0.0,115103,118.04174450632952,117.39347213949736,6.756986680453623,5.186178934657278
chr26,13.28515828665029,210170,114.56199363507278,113.23323131052783,13.84977948745947,10.63009859635963
chr26,17.83374719693662,344835,112.29307490787848,111.5851868144204,7.378365427052589,5.663104747664647
chr26,31.47709653026864,526890,116.05152433286146,115.7319951926646,3.3304738174749167,2.5562331215749055
chr26,48.96078395425608,640891,115.37528017023395,114.91204092009743,4.828374003247027,3.7059140010921965
chr26,52.13645424037237,815889,111.62741140701955,111.05875933577724,5.92709895992138,4.549216569938494
chr26,55.841852848058465,1032536,111.99107585757203,111.81080362124172,1.8789896994867057,1.4421778906424834
chr26,59.76543362013322,1125797,114.90832729183184,114.51612933108044,4.0879058440330205,3.137583686011226
chr26,63.18682062407632,1209909,113.9795641542465,113.68812830169529,3.0376555822023192,2.3314868204097365
chr26,66.19776362372906,1297806,115.5763347776686,115.57505625107935,0.0133261690243761,0.010228212714082474
chr26,72.50071087174122,1394048,117.8018058384596,117.7345742748163,0.7007591304003418,0.5378525091464326
chr26,80.22497006814385,1505283,119.25222929304765,119.11545834266101,1.4255728569018822,1.0941676030930694
chr26,84.21193522003318,1647350,117.90961273500136,117.7345742748163,1.8244376971011689,1.4003076814805127
